qml_fajl	felirat	kategoria	indok	hivatalos_kulcs	hivatalos_en
Main.qml	Background work is still running (export, web export or 	segedszoveg	A kilépési figyelmeztetés az eredetiben csak a FELTÖLTÉSEKRE szól (CUploadManagerThread::message, „a Picasa legközelebbi indításakor újraindulnak”); export/webexport/arcfelismerés közbeni kilépésre nincs eredeti üzenet, ez a helyzet a miénk.	CUploadManagerThread::message	Uploads are in progress. Would you like to exit now? (Uploads will resume next time you run Picasa.)
Main.qml	Change Location	segedszoveg	A helyszin-modositas megerosito dialogus CIME; nincs talalhato eredeti authoralt cim-sztring (a GeoPanel figyelmezteto uzenetnek nincs kulon cime a korpuszban).		
Main.qml	Clear Sample	segedszoveg	A hasonlosag-minta torles gombjanak felirata; az eredetiben a clearsim vezerlo ikon-csak (nincs authoralt felirat-sztring).		
Main.qml	Do you want to stop the operation running in the background?	elteres	Ugyanaz a helyzet (háttérművelet megszakításának megerősítése), más fogalmazás. Hivatalos magyar: „Megszakítja ezt a műveletet?” — nálunk: „Leállítja a háttérben futó műveletet?”.	IBackgroundNotify::cancel	Do you want to cancel this operation?
Main.qml	Duplicate Files	segedszoveg	A masodpeldany-kereses mod-felirata a also savon; az eredeti searchoptions/dupesearch ikon-csak, nincs authoralt felirat.		
Main.qml	Exit PicasaPy	segedszoveg	A kilepes-megerosito dialogus CIME; a Win32 MessageBox eredetiben alapertelmezetten az app nevet mutatta cimkent (nem authoralt sztringforras), nalunk a PicasaPy nev sajat dialogus-cim.		
Main.qml	Looking for duplicate files...	segedszoveg	Allapotszoveg a masodpeldany-kereses folyamataban; nincs talalhato eredeti megfelelo.		
Main.qml	New person's name:	segedszoveg	Uj szemely nevet kero mezo felirata; nincs talalhato eredeti megfelelo prompt-szoveg egyik korpuszban sem.		
Main.qml	No pictures have that tag.	segedszoveg	Hibauzenet: nincs talalat a cimkere - a helyzet (ures cimke-kereses eredmenye) az eredetiben sem generalna kiirt szoveget, nem talalhato megfelelo a korpuszban.		
Main.qml	Picasa had a problem loading this file(s). Would you 	elteres	CSAK-FORDÍTÁS: az angol forrás tartalmilag azonos (csak tördelés/záró kérdés különbözik), de a magyar fordításunk eltér. Az eredeti a két mondat közé a hibás fájlok listáját is beszúrja. Hivatalos magyar: „A Picasa problémába ütközött a fájl(ok) betöltése során [fájllista] El szeretné rejteni a lemezen található fájlokat? (GetBadImages + GetBadImages2)” — nálunk: „A Picasa nem tudta betölteni ezt/ezeket a fájlt/fájlokat. Szeretné elrejteni a fájlokat a lemezen?”.	CThumbUI::GetBadImages	Picasa had a problem loading this file(s)\n
Main.qml	Red eye fixes have been applied. If you	elteres	Ugyanaz a helyzet, de a szöveg tartalmilag rövidebb (nincs képnév, nincs „végleg eltávolítja?” kérdés). Hivatalos magyar: „A(z) %s képen vörösszemjavítások történtek.\nHa eltávolít minden szerkesztést, a vörösszemjavításokat később nem lehet újra alkalmazni. \nBiztos, hogy végleg eltávolítja a javításokat?” — nálunk: „A képen vörösszem-javítás van. Ha eltávolítja az összes szerkesztést, a vörösszem-javítás nem állítható vissza.”.	IDS_CONFIRM_REDEYE_REVERT	Red eye fixes have been applied to %s.\r\nIf you remove all edits, your red eye fixes cannot be recovered with redo. \r\nAre you sure you want to remove the fixes forever?
Main.qml	Stop the background operation	elteres	Ugyanannak a megerősítő ablaknak a címe, más fogalmazás. Hivatalos magyar: „Kilép?” — nálunk: „A háttérművelet leállítása”.	IBackgroundNotify::canceltitle	Want to Cancel?
Main.qml	The password does not match. The hidden folders stay hidden.	segedszoveg	Lasd elozo sor indoklasat - ugyanaz a dialogus uzenete, mas helyzet mint a talalt CThumbUI::PassVerifyWrong.		
Main.qml	The search results could not be saved as an album.	segedszoveg	Hibauzenet a kereses-mentes sikertelensegerol; nincs talalhato eredeti megfelelo.		
Main.qml	There are no files on the clipboard to paste.	segedszoveg	Hibauzenet: ures vagolap beillesztesnel; nincs talalhato eredeti megfelelo.		
Main.qml	This folder is currently unavailable (for example a disconnected drive or network share). Its photos stay in the database and thumbnails come from the cache, but the original files cannot be opened or edited right now.	segedszoveg	Sajat UX-kiegeszites: halozati/kulso meghajtos mappa ideiglenes elerhetetlensegenek magyarazata; nincs talalhato eredeti megfelelo egyik korpuszban sem.		
Main.qml	This will create an album with more than 1000 images.	elteres	CSAK-FORDÍTÁS: az angol forrás tartalmilag azonos (csak tördelés/záró kérdés különbözik), de a magyar fordításunk eltér. Hivatalos magyar: „Ezzel a művelettel létrehoz egy több mint 1000 képből álló albumot. Folytatja?” — nálunk: „Ez több mint 1000 képet tartalmazó albumot hoz létre.  Folytatja?”.	CThumbUI::SaveSearchBig	This will create an album with more than 1000 images.  Do you want to continue?
Main.qml	This will remove all edits you have made to ALL of	elteres	CSAK-FORDÍTÁS: az angol forrás tartalmilag azonos (csak tördelés/záró kérdés különbözik), de a magyar fordításunk eltér. Hivatalos magyar: „Ezzel a művelettel eltávolít minden módosítást, amelyet az ÖSSZES kijelölt képre alkalmazott. Folytatja?” — nálunk: „Ezzel az ÖSSZES kijelölt képen eltávolít minden szerkesztést.”.	IDS_CONFIRMREVERT_MULTIPLE	This will remove all edits you have made to ALL of the selected pictures.  Do you want to continue?
Main.qml	This will remove all edits you have made to the	elteres	CSAK-FORDÍTÁS: az angol forrás tartalmilag azonos (csak tördelés/záró kérdés különbözik), de a magyar fordításunk eltér. Hivatalos magyar: „Ezzel a művelettel eltávolít minden módosítást, amelyet eddig az aktuális képre alkalmazott. Folytatja?” — nálunk: „Ezzel a jelenlegi képen eltávolít minden szerkesztést.”.	IDS_CONFIRMREVERT	This will remove all edits you have made to the current picture.  Do you want to continue?
Main.qml	Updating similarity database 	elteres	CSAK-FORDÍTÁS: az angol forrás tartalmilag azonos (csak tördelés/záró kérdés különbözik), de a magyar fordításunk eltér. Hivatalos magyar: „Hasonlósági adatbázis frissítése (legközelebb gyors lesz)” — nálunk: „A hasonlósági adatbázis épül (legközelebb gyors lesz)”.	CSimSearch::updating	Updating similarity database (will be fast next time)
Main.qml	WARNING! This will move all the faces back to the 	elteres	Ugyanaz a parancs (Arcok alaphelyzetbe állítása), de tartalmilag is eltér: nálunk a névcímkék érintetlenek, nincs webalbum-szinkron. Hivatalos magyar: „FIGYELMEZTETÉS! Ez a művelet TÖRLI az összes személyi albumot, és a Név nélküliek albumba helyezi át az arcokat. A művelet a szinkronizált webalbumokból is ELTÁVOLÍTHATJA a névcímkéket. Ezt szeretné tenni?” — nálunk: „FIGYELMEZTETÉS! Ez a művelet minden arcot visszahelyez a Névtelenek albumba, és törli az arc-csoportokat. A fotókba írt névcímkékhez NEM nyúl. Ezt szeretné tenni?”.	CThumbUI::ResetAllFaces	WARNING! This will DELETE all people albums, and move all the faces to the unnamed album. This can REMOVE name tags on synced web albums also. Do you want to do this?
Main.qml	Wrong password	segedszoveg	A rejtett mappak feloldasi hibajanak dialogus-cime; a CThumbUI::PassVerifyWrong ('The passwords did not match.') MAS helyzetre vonatkozik (jelszo ketszeri beirasanak eltereser jelszo-BEALLITASNAL), nem a mar tarolt jelszo elleni ELLENORZESRE feloldaskor - a helyzet nem egyezik biztosan.		
Main.qml	You are about to erase all geographic location information	mero-vakfolt	A magyar szövegünk betűre egyezik a ClearGeoTag::warn hivatalos magyarjával; az angol csak az összefűzés miatt tűnt eltérőnek.	ClearGeoTag::warn	You are about to erase all geographic location information (i.e., latitude and longitude) from the selected photos.\n\nOK to proceed?
Main.qml	You have more than a few items selected.	mero-vakfolt	A magyar szövegünk betűre egyezik a GeoPanel::geotag_warning_change hivatalos magyarjával, csak a helyőrző szintaxisa (%d → %1) más.	GeoPanel::geotag_warning_change	You have more than a few items selected.\n\nAre you sure you want to change the location of all %d items?
PicasaPy/AboutDialog.qml	A modern, open Picasa successor.	segedszoveg	Sajat termek-tagline a Nevjegy dialogusban ('a mi sajat sugo-/magyarazo szovegunk'); nincs eredeti megfelelo, mert ez kifejezetten a mi forkunk leirasa.		
PicasaPy/AboutDialog.qml	About PicasaPy	elteres	SZÁNDÉKOS: a program neve PicasaPy, ezért „A PicasaPy névjegye” — a hivatalos szerkezet („A Picasa névjegye”) szerint, csak a terméknév más. Ugyanaz az ablakcím; a különbség csak a terméknév (kódkomment nem mondja ki szándékként). Hivatalos: „A Picasa névjegye” → nálunk: „A PicasaPy névjegye”.	about/window1.title	About Picasa (angol forrás nincs a korpuszban, a menütétel „&About Picasa” alapján)
PicasaPy/ActivityBadge.qml	Stop the background operation	segedszoveg	Tooltip a jobb-felső háttérművelet-jelző megszakítás-gombján; a ui-leltar.csv activity/activitybutton eleme üres buborék-mezővel szerepel, az eredetihez ehhez a gombhoz nincs rögzített szöveg — saját kiegészítés.		
PicasaPy/AddCustomAspectRatioDialog.qml	Width:	segedszoveg	Az Egyéni méretarány párbeszéd megvan, de az eredetiben egy „Méretek:” csoportcímke áll „x” elválasztóval, külön „Szélesség:” felirat nincs.		
PicasaPy/BackupDialog.qml	A backup set remembers where it saves and what it has 	segedszoveg	Sajat magyarazo szoveg a 'mentesi keszlet' fogalmarol (a fejlesztoi komment szerint az eredeti fogalmat koveti, de szo szerinti eredeti szoveg nem talalhato).		
PicasaPy/BackupDialog.qml	All file types	segedszoveg	Biztonsagi mentes fajltipus-szuro opcioja; az eredeti CD/DVD-ires il_BurnPanel korpuszaban nincs ilyen szuro-felirat.		
PicasaPy/BackupDialog.qml	All pictures (no movies)	segedszoveg	Biztonsagi mentes fajltipus-szuro opcioja; nincs talalhato eredeti megfelelo.		
PicasaPy/BackupDialog.qml	Browse...	segedszoveg	'Tallozas...' gomb - az eredetiben ez a natív OS fajl-/mappavalaszto dialogus gombja volt, nem Picasa-authoralt sztingforras, ezert nincs se a stringres-ben, se a .tre leltarban.		
PicasaPy/BackupDialog.qml	Choose the backup location	segedszoveg	Fajlvalaszto dialogus cime a mentesi cel kivalasztasahoz; nincs talalhato eredeti megfelelo (az eredeti CD/DVD-kozpontu volt).		
PicasaPy/BackupDialog.qml	Delete this backup set? The saved files stay 	elteres	"Ugyanaz a törlés-megerősítés; nálunk nincs benne a készlet neve, tegező, és hozzátoldott mondat van. Hivatalos: „Biztosan törli a(z) ""%s"" mentési készletet?” → nálunk: „Törlöd ezt a mentés-készletet? Az elmentett fájlok a helyükön maradnak.”"	il_NewBkDialog_delete	"Are you sure you want to delete the backup set ""%s""?"
PicasaPy/BackupDialog.qml	Everything was already backed up.	elteres	A mentés végén az eredeti egyféle záró üzenetet ismer (külön „nincs mit menteni” szöveg nincs a korpuszban). Hivatalos: „A mentés elkészült” → nálunk: „Minden el volt már mentve.”	il_BurnPanel::BackupCopy::3	Backup Complete
PicasaPy/BackupDialog.qml	Files:	segedszoveg	Generikus mezofelirat a mentesi keszlet fajljainak listajahoz; nincs talalhato eredeti megfelelo.		
PicasaPy/BackupDialog.qml	No backup sets yet.	segedszoveg	Ures allapot szoveg; nincs talalhato eredeti megfelelo.		
PicasaPy/BackupDialog.qml	Only JPEGs with camera data	segedszoveg	Biztonsagi mentes fajltipus-szuro opcioja; nincs talalhato eredeti megfelelo.		
PicasaPy/BackupDialog.qml	Save to:	segedszoveg	Generikus mezofelirat a mentesi celhoz; nincs talalhato eredeti megfelelo.		
PicasaPy/BackupDialog.qml	To CD image (ISO)	segedszoveg	Mentesi cel-tipus valaszto felirata (ISO-kepfajl CD-re); nincs talalhato eredeti megfelelo.		
PicasaPy/BackupDialog.qml	To DVD image (ISO)	segedszoveg	Mentesi cel-tipus valaszto felirata (ISO-kepfajl DVD-re); nincs talalhato eredeti megfelelo.		
PicasaPy/BackupDialog.qml	To folder	segedszoveg	Mentesi cel-tipus valaszto felirata; nincs talalhato eredeti megfelelo.		
PicasaPy/CollageDialogs.qml	Please select the single image you want to place in 	mero-vakfolt	Tördelés: összefűzött mondat töredéke; a teljes magyar betűre egyezik a hivatalossal („MIELŐTT erre a gombra kattintana, …”).	collage::framecenterwarn	Please select the single image you want to place in the center of the collage BEFORE pressing this button.
PicasaPy/CollageDialogs.qml	The collage cannot be saved because all of the pictures 	mero-vakfolt	Tördelés: összefűzött mondat töredéke; a teljes szöveg magyarja betűre egyezik a hivatalossal („A kollázs nem menthető, mert az összes képet eltávolították. …”).	collageUI::noimages	The collage cannot be saved because all of the pictures have been removed.  Add at least one picture and try again.
PicasaPy/CollageDialogs.qml	The collage could not be saved	segedszoveg	A mentés MEGHIÚSULT hibapárbeszéd — a fájl saját megjegyzése szerint (CollageDialogs.qml 73-78) ez azért született, mert a hiba az eredetiben NÉMA volt (a folyamatjelző csak eltűnt); a helyzet tehát az eredetiben nem termel szöveget.		
PicasaPy/CollageDialogs.qml	The current collage contains unsaved changes.\n\n	mero-vakfolt	"Tördelés: összefűzött szöveg töredéke; a teljes magyar betűre egyezik a hivatalossal, csak az idézőjel alakja más („Kollázsok” ↔ ""Kollázsok"")."	CCollageUI::ConfirmCloseMsg	"The current collage has unsaved changes.\n\nWould you like to save these changes before closing the tab, or discard them?  (Note: Drafts will be saved in the ""Collages"" album).\n\nPress Cancel to keep the tab open."
PicasaPy/CollageDialogs.qml	The current page format of the collage does not 	mero-vakfolt	Tördelés: összefűzött szöveg töredéke; a teljes magyar a hivatalossal egyezik, a különbség csak sortörés (a két első mondat közti \n) és idézőjel-alak.	collage::formatwarning	"The collage's current Page Format does not match your current desktop size.\nThis may result in a desktop background that does not look as expected.\n\n(TIP: Choose ""Current display"" in the Page Format dropdown menu to ensure a perfect fit.)\n\nAre you sure you want to continue?"
PicasaPy/CollageDialogs.qml	Would you like to replace the existing one, or 	elteres	Ugyanaz a párbeszéd, de nálunk az üzenettörzs csak a hivatalos CÍM szövege (CCollageUI::ConfirmTitle), a hivatalos törzsből hiányzik az első bekezdés, a Kollázsok-megjegyzés és a Mégse-magyarázat. Hivatalos: „Eddig egy korábban készült kollázst szerkesztett. Lecseréli a meglévő kollázst, vagy teljesen újat hoz létre? (Megjegyzés: …) A Mégse gombra kattintva …” → nálunk: „Lecseréli a meglévőt, vagy újat hoz létre?”.	CCollageUI::ConfirmMsg	"You have been editing a previously created collage.\n\nWould you like to replace the existing collage or create an entirely new one?  (Note: All collages are saved in the ""Collages"" album).\n\nPress Cancel to continue editing the collage without saving."
PicasaPy/CollageDoneNotice.qml	The collage is ready (click here)	mero-vakfolt	A mi magyarunk betűre egyezik a hivatalossal („A kollázs kész (kattintson ide)”); az angol csak fogalmazásban tér el.	collage::done	Collage Finished! (click to view)
PicasaPy/CollageDraftDialog.qml	Discard Draft	sajat-funkcio	A kollázs-piszkozat VISSZAÁLLÍTÁS-FELAJÁNLÓ párbeszéde (#1051): a fájl saját megjegyzése szerint az eredeti Picasa ilyenkor NEM kérdez — induláskor némán átnevezi és visszateszi az autosave.cxf-et a Kollázsok albumba (a #979 gazdagabb működés, ami nálunk még blokkolt). Ez a kérdező köztes megoldás, a kérdés maga a mi funkciónk.		
PicasaPy/CollageDraftDialog.qml	PicasaPy found an automatically saved collage draft 	sajat-funkcio	A kollázs-piszkozat VISSZAÁLLÍTÁS-FELAJÁNLÓ párbeszéde (#1051): a fájl saját megjegyzése szerint az eredeti Picasa ilyenkor NEM kérdez — induláskor némán átnevezi és visszateszi az autosave.cxf-et a Kollázsok albumba (a #979 gazdagabb működés, ami nálunk még blokkolt). Ez a kérdező köztes megoldás, a kérdés maga a mi funkciónk.		
PicasaPy/CollageDraftDialog.qml	Recovered Auto Backup	sajat-funkcio	A kollázs-piszkozat VISSZAÁLLÍTÁS-FELAJÁNLÓ párbeszéde (#1051): a fájl saját megjegyzése szerint az eredeti Picasa ilyenkor NEM kérdez — induláskor némán átnevezi és visszateszi az autosave.cxf-et a Kollázsok albumba (a #979 gazdagabb működés, ami nálunk még blokkolt). Ez a kérdező köztes megoldás, a kérdés maga a mi funkciónk.		
PicasaPy/CollageDraftDialog.qml	Restore Draft	sajat-funkcio	A kollázs-piszkozat VISSZAÁLLÍTÁS-FELAJÁNLÓ párbeszéde (#1051): a fájl saját megjegyzése szerint az eredeti Picasa ilyenkor NEM kérdez — induláskor némán átnevezi és visszateszi az autosave.cxf-et a Kollázsok albumba (a #979 gazdagabb működés, ami nálunk még blokkolt). Ez a kérdező köztes megoldás, a kérdés maga a mi funkciónk.		
PicasaPy/CollagePanel.qml	Create the collage and set it as the desktop background	segedszoveg	Kollazs-mentes mod-valaszto felirata (asztali hatterkepnek allitas); nincs talalhato eredeti szo szerinti megfelelo (bar a funkcio - IDS_CONFIRM_SET_DESKTOP/IDS_CONFIRM_DESKTOPCOLLAGE - maga eredeti).		
PicasaPy/CollagePanel.qml	Save as a JPG in the Collages album (in the Projects 	segedszoveg	Kollazs-mentes mod-valaszto felirata (JPG mentese a Kollazsok albumba); nincs talalhato eredeti szo szerinti megfelelo.		
PicasaPy/CollageSettingsTab.qml	Show captions as text on pictures with an 	segedszoveg	"A ""Feliratok mutatása"" jelölőnégyzet buboréksúgója (saját magyarázó szöveg); nincs hozzá talált hivatalos forrás."		
PicasaPy/CollageThemePopup.qml	A mosaic with a prominent center picture	mero-vakfolt	A hivatalos „Név: leírás” sztring egyik fele, a magyarunk betűre egyezik vele; csak az összefűzés tér el.	collage::frame_desc	Frame Mosaic: A mosaic with a prominent center picture
PicasaPy/CollageThemePopup.qml	Arrange pictures into regular rows and columns	mero-vakfolt	A hivatalos „Név: leírás” sztring egyik fele, a magyarunk betűre egyezik vele; csak az összefűzés tér el.	collage::grid_desc	Grid:  Arrange pictures into regular rows and columns
PicasaPy/CollageThemePopup.qml	Automatically fit pictures into the page	mero-vakfolt	A hivatalos „Név: leírás” sztring egyik fele, a magyarunk betűre egyezik vele; csak az összefűzés tér el.	collage::pack_desc	Mosaic:  Automatically fit pictures into the page
PicasaPy/CollageThemePopup.qml	Frame Mosaic	mero-vakfolt	A hivatalos „Név: leírás” sztring egyik fele, a magyarunk betűre egyezik vele; csak az összefűzés tér el.	collage::frame_desc	Frame Mosaic: A mosaic with a prominent center picture
PicasaPy/CollageThemePopup.qml	Grid	mero-vakfolt	A hivatalos „Név: leírás” sztring egyik fele, a magyarunk betűre egyezik vele; csak az összefűzés tér el.	collage::grid_desc	Grid:  Arrange pictures into regular rows and columns
PicasaPy/CollageThemePopup.qml	Looks like a pile of scattered pictures	mero-vakfolt	A hivatalos „Név: leírás” sztring egyik fele, a magyarunk betűre egyezik vele; csak az összefűzés tér el.	collage::pile_desc	Picture Pile:  Looks like a pile of scattered pictures
PicasaPy/CollageThemePopup.qml	Mosaic	mero-vakfolt	A hivatalos „Név: leírás” sztring egyik fele, a magyarunk betűre egyezik vele; csak az összefűzés tér el.	collage::pack_desc	Mosaic:  Automatically fit pictures into the page
PicasaPy/CollageThemePopup.qml	Multiple Exposure	mero-vakfolt	A hivatalos „Név: leírás” sztring egyik fele, a magyarunk betűre egyezik vele; csak az összefűzés tér el.	collage::multiexp_desc	Multiple Exposure:  Superimpose pictures over one another
PicasaPy/CollageThemePopup.qml	Superimpose pictures over one another	mero-vakfolt	A hivatalos „Név: leírás” sztring egyik fele, a magyarunk betűre egyezik vele; csak az összefűzés tér el.	collage::multiexp_desc	Multiple Exposure:  Superimpose pictures over one another
PicasaPy/CollageThemePopup.qml	Thumbnails with an informative header	mero-vakfolt	A hivatalos „Név: leírás” sztring egyik fele, a magyarunk betűre egyezik vele; csak az összefűzés tér el.	collage::csheet_desc	Contact Sheet:  Thumbnails with an informative header
PicasaPy/CompactDatabaseDialog.qml	Compacting cancelled. Your database is unchanged.	segedszoveg	A tömörítés megszakítva állapotüzenet; a panel-feliratok-hu.tsv compacting-panelje nem tartalmaz ilyen tételt, ez a helyzet az eredetiben nem termel ismert szöveget.		
PicasaPy/CompactDatabaseDialog.qml	PicasaPy is compacting its database to save disk 	elteres	CSAK-FORDÍTÁS: az angol forrás tartalmilag azonos (csak tördelés/záró kérdés különbözik), de a magyar fordításunk eltér. A Picasa→PicasaPy névcsere mellett a mondat is máshogy van fordítva. Hivatalos magyar: „A Picasa tömöríti az adatbázisát, hogy takarékoskodjon a lemezterülettel. Ez percekig is tarthat.” — nálunk: „A PicasaPy tömöríti az adatbázisát, hogy lemezhelyet szabadítson fel. Ez több percig is eltarthat.”.	compacting/label5.title	Picasa is compacting its database to save disk space. This may take several minutes.
PicasaPy/CompactDatabaseDialog.qml	The database is already compact — nothing to do.	segedszoveg	A adatbázis már tömör – nincs teendő állapotüzenet; a panel-feliratok-hu.tsv compacting-panelje nem tartalmaz ilyen tételt, tehát ez a helyzet (már tömör az adatbázis) az eredetiben nem termel ismert szöveget.		
PicasaPy/ConfigureButtonsDialog.qml	Available buttons:	mero-vakfolt	A mi magyarunk betűre egyezik a hivatalossal („Rendelkezésre álló gombok:”, gombkezelő bal lista).	buttonmgr/leftlist_text	
PicasaPy/ConfigureButtonsDialog.qml	Current buttons:	mero-vakfolt	A mi magyarunk betűre egyezik a hivatalossal („Jelenlegi gombok:”, gombkezelő jobb lista).	buttonmgr/rightlist_text	
PicasaPy/CreateDialogs.qml	(not selected)	segedszoveg	Lásd a 'Target file:' sor indoklását — ugyanahhoz a saját fájlválasztó-mezőhöz tartozó helyőrző szöveg.		
PicasaPy/CreateDialogs.qml	Browse...	segedszoveg	Az eredeti a kollázst a Kollázsok albumba menti, célfájl-tallózás nincs; a funkció megvan, ez a gomb nem.		
PicasaPy/CreateDialogs.qml	Collage type:	segedszoveg	A kollázs funkció megvan, de az eredetiben a típus a kollázspanel téma-választóján dől el, felirat nélkül; „Kollázs típusa:” címke nincs.		
PicasaPy/CreateDialogs.qml	Frame Mosaic	elteres	Ugyanaz a téma (framegrid) a típusválasztóban. Hivatalos: „Képkockamozaik” (collage::frame_desc névrésze) → nálunk: „Keretes mozaik”.	collage::frame_desc	Frame Mosaic: A mosaic with a prominent center picture
PicasaPy/CreateDialogs.qml	Grid	mero-vakfolt	A téma-választó szövegének névrésze („Rács: a képek szabályos sorokba…”) a mi magyarunkkal („Rács”) egyezik.	collage::grid_desc	Grid:  Arrange pictures into regular rows and columns
PicasaPy/CreateDialogs.qml	JPEG images (*.jpg)	segedszoveg	Qt FileDialog fájlszűrő-string; az eredeti natív mentési párbeszéd szűrőformátuma szerkezetileg más (pl. CThumbUI::SaveAsFilterJPG = 'JPEG Files', a minta külön mezőben), nincs egyező egysoros forrás.		
PicasaPy/CreateDialogs.qml	MP4 videos (*.mp4)	segedszoveg	Lásd a 'JPEG images (*.jpg)' sor indoklását — ugyanaz a saját fájlszűrő-mintázat, most a film-exportra.		
PicasaPy/CreateDialogs.qml	Mosaic	mero-vakfolt	A téma-választó kétsoros szövegének névrésze („Mozaik: a képek automatikus illesztése…”) a mi magyarunkkal („Mozaik”) egyezik.	collage::pack_desc	Mosaic:  Automatically fit pictures into the page
PicasaPy/CreateDialogs.qml	Multiple Exposure	mero-vakfolt	A mi magyarunk betűre egyezik a hivatalossal („Többszörös exponálás”).	CollageType::eMultiExposure	Multi-Exposure
PicasaPy/CreateDialogs.qml	Seconds per picture:	segedszoveg	Lásd a 'Video size:' sor indoklását; az eredeti 'durationslider_label' = 'Dia időtartama' egy csúszka felirata, nem 'Seconds per picture:' szövegű mező.		
PicasaPy/CreateDialogs.qml	Select pictures in the library first, or put them in the Picture Tray.	segedszoveg	Üres-állapot súgószöveg a kollázskészítő dialógusban, ha nincs kiválasztott kép; nincs rá eredeti megfelelő a forrásokban.		
PicasaPy/CreateDialogs.qml	Target file:	segedszoveg	A kollázs célfájljának felirata egy saját, fájl-mentés-dialógus alapú létrehozási folyamathoz tartozik; az eredeti collagepanel (panel-feliratok-hu.tsv) nem ismer ilyen 'Target file:' feliratot — ott a kollázs mentése a 'Kollázs létrehozása' gombbal történik, külön célfájl-mező nélkül.		
PicasaPy/CreateDialogs.qml	The collage could not be created.	segedszoveg	Saját hibaüzenet a kollázslétrehozás sikertelenségére; nincs megfelelője a forrásokban.		
PicasaPy/CreateDialogs.qml	The movie could not be created.	segedszoveg	Saját hibaüzenet a filmlétrehozás sikertelenségére; nincs megfelelője a forrásokban.		
PicasaPy/CreateDialogs.qml	The movie's pictures and timing come from the 	segedszoveg	A kód-komment (#2114) kimondottan saját kiegészítésnek nevezi: 'a projektfájl a diaidőt és a képeket őrzi meg, a felbontást nem — ezt kimondjuk, nem találgatunk.'		
PicasaPy/CreateDialogs.qml	Video size:	segedszoveg	A film méretbeállítás felirata egy saját, egyszerűsített filmkészítő-dialógushoz tartozik; az eredeti makemoviepanel (panel-feliratok-hu.tsv) csúszkás vezérlőt használ ('moviesize_label' = 'Méretek', nem 'Video size:' feliratú mezőt).		
PicasaPy/DedupDialog.qml	Analysing pictures...	sajat-funkcio	A Duplikátum-kereső párbeszéd (#287) az eredeti Picasa 3.9-ben nem létezik önálló ablakként: a docs/decisions/vedett-sajat-funkciok.md kifejezetten saját funkcióNAK sorolja fel — az eredetiben a másodpéldány-kezelés két MÁS mechanizmus (importáláskori AcquireDupeCheckThread és a keresősáv dupesearch módja), önálló kereső-dialógus nincs.		
PicasaPy/DedupDialog.qml	Comparing files...	sajat-funkcio	A Duplikátum-kereső párbeszéd (#287) az eredeti Picasa 3.9-ben nem létezik önálló ablakként: a docs/decisions/vedett-sajat-funkciok.md kifejezetten saját funkcióNAK sorolja fel — az eredetiben a másodpéldány-kezelés két MÁS mechanizmus (importáláskori AcquireDupeCheckThread és a keresősáv dupesearch módja), önálló kereső-dialógus nincs.		
PicasaPy/DedupDialog.qml	Delete others to Trash	sajat-funkcio	A Duplikátum-kereső párbeszéd (#287) az eredeti Picasa 3.9-ben nem létezik önálló ablakként: a docs/decisions/vedett-sajat-funkciok.md kifejezetten saját funkcióNAK sorolja fel — az eredetiben a másodpéldány-kezelés két MÁS mechanizmus (importáláskori AcquireDupeCheckThread és a keresősáv dupesearch módja), önálló kereső-dialógus nincs.		
PicasaPy/DedupDialog.qml	Find Duplicates	sajat-funkcio	A Duplikátum-kereső párbeszéd (#287) az eredeti Picasa 3.9-ben nem létezik önálló ablakként: a docs/decisions/vedett-sajat-funkciok.md kifejezetten saját funkcióNAK sorolja fel — az eredetiben a másodpéldány-kezelés két MÁS mechanizmus (importáláskori AcquireDupeCheckThread és a keresősáv dupesearch módja), önálló kereső-dialógus nincs.		
PicasaPy/DedupDialog.qml	Groups of duplicate and similar pictures. Pick which one to 	sajat-funkcio	A Duplikátum-kereső párbeszéd (#287) az eredeti Picasa 3.9-ben nem létezik önálló ablakként: a docs/decisions/vedett-sajat-funkciok.md kifejezetten saját funkcióNAK sorolja fel — az eredetiben a másodpéldány-kezelés két MÁS mechanizmus (importáláskori AcquireDupeCheckThread és a keresősáv dupesearch módja), önálló kereső-dialógus nincs.		
PicasaPy/DedupDialog.qml	"Move others to \""Duplikátumok\"""	sajat-funkcio	A Duplikátum-kereső párbeszéd (#287) az eredeti Picasa 3.9-ben nem létezik önálló ablakként: a docs/decisions/vedett-sajat-funkciok.md kifejezetten saját funkcióNAK sorolja fel — az eredetiben a másodpéldány-kezelés két MÁS mechanizmus (importáláskori AcquireDupeCheckThread és a keresősáv dupesearch módja), önálló kereső-dialógus nincs.		
PicasaPy/DedupDialog.qml	No duplicates found.	sajat-funkcio	A Duplikátum-kereső párbeszéd (#287) az eredeti Picasa 3.9-ben nem létezik önálló ablakként: a docs/decisions/vedett-sajat-funkciok.md kifejezetten saját funkcióNAK sorolja fel — az eredetiben a másodpéldány-kezelés két MÁS mechanizmus (importáláskori AcquireDupeCheckThread és a keresősáv dupesearch módja), önálló kereső-dialógus nincs.		
PicasaPy/DedupDialog.qml	Scan for Duplicates	sajat-funkcio	A Duplikátum-kereső párbeszéd (#287) az eredeti Picasa 3.9-ben nem létezik önálló ablakként: a docs/decisions/vedett-sajat-funkciok.md kifejezetten saját funkcióNAK sorolja fel — az eredetiben a másodpéldány-kezelés két MÁS mechanizmus (importáláskori AcquireDupeCheckThread és a keresősáv dupesearch módja), önálló kereső-dialógus nincs.		
PicasaPy/DedupDialog.qml	Search in:	sajat-funkcio	A Duplikátum-kereső párbeszéd (#287) az eredeti Picasa 3.9-ben nem létezik önálló ablakként: a docs/decisions/vedett-sajat-funkciok.md kifejezetten saját funkcióNAK sorolja fel — az eredetiben a másodpéldány-kezelés két MÁS mechanizmus (importáláskori AcquireDupeCheckThread és a keresősáv dupesearch módja), önálló kereső-dialógus nincs.		
PicasaPy/DedupDialog.qml	Searching the whole library reads every picture — with tens 	sajat-funkcio	A Duplikátum-kereső párbeszéd (#287) az eredeti Picasa 3.9-ben nem létezik önálló ablakként: a docs/decisions/vedett-sajat-funkciok.md kifejezetten saját funkcióNAK sorolja fel — az eredetiben a másodpéldány-kezelés két MÁS mechanizmus (importáláskori AcquireDupeCheckThread és a keresősáv dupesearch módja), önálló kereső-dialógus nincs.		
PicasaPy/DedupDialog.qml	Searching...	sajat-funkcio	A Duplikátum-kereső párbeszéd (#287) az eredeti Picasa 3.9-ben nem létezik önálló ablakként: a docs/decisions/vedett-sajat-funkciok.md kifejezetten saját funkcióNAK sorolja fel — az eredetiben a másodpéldány-kezelés két MÁS mechanizmus (importáláskori AcquireDupeCheckThread és a keresősáv dupesearch módja), önálló kereső-dialógus nincs.		
PicasaPy/DedupDialog.qml	Select at least two pictures in the grid, or pick another scope.	sajat-funkcio	A Duplikátum-kereső párbeszéd (#287) az eredeti Picasa 3.9-ben nem létezik önálló ablakként: a docs/decisions/vedett-sajat-funkciok.md kifejezetten saját funkcióNAK sorolja fel — az eredetiben a másodpéldány-kezelés két MÁS mechanizmus (importáláskori AcquireDupeCheckThread és a keresősáv dupesearch módja), önálló kereső-dialógus nincs.		
PicasaPy/DedupDialog.qml	Selected pictures (none)	sajat-funkcio	A Duplikátum-kereső párbeszéd (#287) az eredeti Picasa 3.9-ben nem létezik önálló ablakként: a docs/decisions/vedett-sajat-funkciok.md kifejezetten saját funkcióNAK sorolja fel — az eredetiben a másodpéldány-kezelés két MÁS mechanizmus (importáláskori AcquireDupeCheckThread és a keresősáv dupesearch módja), önálló kereső-dialógus nincs.		
PicasaPy/DedupDialog.qml	This folder and its subfolders	sajat-funkcio	A Duplikátum-kereső párbeszéd (#287) az eredeti Picasa 3.9-ben nem létezik önálló ablakként: a docs/decisions/vedett-sajat-funkciok.md kifejezetten saját funkcióNAK sorolja fel — az eredetiben a másodpéldány-kezelés két MÁS mechanizmus (importáláskori AcquireDupeCheckThread és a keresősáv dupesearch módja), önálló kereső-dialógus nincs.		
PicasaPy/DedupDialog.qml	Whole library	sajat-funkcio	A Duplikátum-kereső párbeszéd (#287) az eredeti Picasa 3.9-ben nem létezik önálló ablakként: a docs/decisions/vedett-sajat-funkciok.md kifejezetten saját funkcióNAK sorolja fel — az eredetiben a másodpéldány-kezelés két MÁS mechanizmus (importáláskori AcquireDupeCheckThread és a keresősáv dupesearch módja), önálló kereső-dialógus nincs.		
PicasaPy/DocumentTabStrip.qml	The current collage contains unsaved changes.\n\n	mero-vakfolt	"Tördelés: összefűzött szöveg töredéke; a teljes magyar betűre egyezik a hivatalossal, csak az idézőjel alakja más („Kollázsok” ↔ ""Kollázsok"")."	CCollageUI::ConfirmCloseMsg	The current collage has unsaved changes.\n\nWould you like to save these changes before closing the tab, or discard them?  (Note: Drafts will be saved in the \&quot;Collages\&quot; album).\n\nPress Cancel to keep the tab open.
PicasaPy/EditOverwriteDialog.qml	Another program changed these pictures and removed the edits you made here:	sajat-funkcio	A #643 kétirányú .picasa.ini szinkron/round-trip kezelése — amit a docs/decisions/vedett-sajat-funkciok.md saját funkcióNAK sorol fel ('amíg a kétirányú átjárás nincs meg, a Picasa írása nyer') — ehhez a saját mechanizmushoz tartozó figyelmeztető párbeszéd; az eredetiben nincs ilyen konfliktus-értesítés.		
PicasaPy/EditOverwriteDialog.qml	Edits overwritten by another program	sajat-funkcio	A #643 kétirányú .picasa.ini szinkron/round-trip kezelése — amit a docs/decisions/vedett-sajat-funkciok.md saját funkcióNAK sorol fel ('amíg a kétirányú átjárás nincs meg, a Picasa írása nyer') — ehhez a saját mechanizmushoz tartozó figyelmeztető párbeszéd; az eredetiben nincs ilyen konfliktus-értesítés.		
PicasaPy/EditOverwriteDialog.qml	Restore edits	sajat-funkcio	A #643 kétirányú .picasa.ini szinkron/round-trip kezelése — amit a docs/decisions/vedett-sajat-funkciok.md saját funkcióNAK sorol fel ('amíg a kétirányú átjárás nincs meg, a Picasa írása nyer') — ehhez a saját mechanizmushoz tartozó figyelmeztető párbeszéd; az eredetiben nincs ilyen konfliktus-értesítés.		
PicasaPy/EditOverwriteDialog.qml	While the same folder is open in Picasa, its changes overwrite the edits made here. Restoring writes your edits back.	sajat-funkcio	A #643 kétirányú .picasa.ini szinkron/round-trip kezelése — amit a docs/decisions/vedett-sajat-funkciok.md saját funkcióNAK sorol fel ('amíg a kétirányú átjárás nincs meg, a Picasa írása nyer') — ehhez a saját mechanizmushoz tartozó figyelmeztető párbeszéd; az eredetiben nincs ilyen konfliktus-értesítés.		
PicasaPy/EditorCropPanel.qml	Delete this custom aspect ratio?	segedszoveg	"Egyéni méretarány törlése előtti MEGERŐSÍTŐ KÉRDÉS; a leltárakban csak a törlés-gomb buboréksúgója van meg (`editpanel/crop_delete_custom`, ""Törli az aktuális méretarányt"" — állítás, nem kérdés), önálló megerősítő párbeszédre nincs bizonyíték az eredetiben."		
PicasaPy/EditorCropPanel.qml	Select a dimension below and then click and drag on the 	mero-vakfolt	A magyar szövegünk betűre egyezik az editpanel/croptext hivatalos magyarjával.	editpanel/croptext	Select a dimension below and then click and drag on the image to select the portion of the image you wish to crop.
PicasaPy/EditorCropPanel.qml	Suggested crops	segedszoveg	A vágás-javaslatok CSOPORT-CÍMKÉJE. A javaslat-funkció maga eredeti (a render/crop_suggest.py szerint a bináris három stratégia-nevet őriz), de erre a szervező feliratra sehol nincs találat — feltehetően a mi saját, a gombcsoportot bevezető szövegünk.		
PicasaPy/EditorCropPanel.qml	This image's orientation has been modified by the 	elteres	Ugyanaz a figyelmeztetés, de nálunk rövidítve, összevonva. Hivatalos magyar: „A kép irányát megváltoztatta a „Kiegyenesítés” eszközzel, ami pontatlanságokat okozhat a vágás alkalmazásakor.\nHa nem sikerül a kép vágása, vonja vissza a „Kiegyenesítés” eszközzel végzett javítást, majd ismételje meg a vágást és - ha szükséges - a kiegyenesítést.” — nálunk: „A kép tájolását a Kiegyenesítés eszköz módosította, ezért a vágás pontatlan lehet… próbálja meg visszavonni a Kiegyenesítés javítást, végezze el a vágást, majd szükség esetén alkalmazza újra a Kiegyenesítést.”.	IDS_WARN_CROP_ACCURACY	This image's orientation has been modified by the Straighten tool and might not crop accurately.\nIf you encounter difficulty cropping this image, try undoing the Straighten fix, then recrop, and Straighten again if necessary.
PicasaPy/EditorCropPanel.qml	Top left	segedszoveg	"A gyorsvágás gombjának felirata. A QML megjegyzése szerint ez a ""Picasa három bélyegképe"" — vagyis az eredetiben ez vizuálisan, KÉPI bélyegképként jelent meg, szöveg nélkül; a mi szöveges felirat a hozzáférhetőségi/leíró név, amit az eredeti ikonhoz adtunk."		
PicasaPy/EditorDialogs.qml	Due to a disk error. The disk may be full or read-only.	segedszoveg	A #643 round-trip őr saját elutasító üzenete (kód-komment: 'Az üzenet a kivételből jön, és önmagában teljes'), nem az eredeti általános lemezhiba-eset szövege.		
PicasaPy/EditorDialogs.qml	The automatic copy is not available yet. To edit this 	segedszoveg	A kód-komment kifejezetten kimondja: 'A második a MIÉNK, és azért kell, mert a mappa-másolás még nincs megvalósítva' — saját kiegészítő magyarázat egy funkcióhiányra.		
PicasaPy/EditorDialogs.qml	This file is read only. In order to edit this file, 	elteres	CSAK-FORDÍTÁS: az angol forrás tartalmilag azonos (csak tördelés/záró kérdés különbözik), de a magyar fordításunk eltér. Hivatalos magyar: „A fájl írásvédett; szerkesztéséhez a Picasának másolatot kell készítenie a fájl mappájáról. Szeretne most másolatot készíteni?” — nálunk: „Ez a fájl csak olvasható. A szerkesztéshez a Picasának le kellene másolnia a fájl mappáját. Szeretné, ha most készítenénk egy másolatot?”.	CThumbUI::ReadOnlyPrompt	This file is read only. In order to edit this file, Picasa needs to copy the file's folder. Would you like to make a copy now?
PicasaPy/EditorFinetunePanel.qml	One-click color fix	mero-vakfolt	A magyar szövegünk betűre egyezik az editpanel/magic_color hivatalos magyarjával.	editpanel/magic_color	One-click fix for color
PicasaPy/EditorFinetunePanel.qml	One-click lighting fix	mero-vakfolt	A magyar szövegünk betűre egyezik az editpanel/magic_lighting hivatalos magyarjával.	editpanel/magic_lighting	One-click fix for lighting
PicasaPy/EditorFinetunePanel.qml	Pick a neutral gray or white area of the photo to	mero-vakfolt	A magyar szövegünk betűre egyezik az editpanel/droppertoggle hivatalos magyarjával.	editpanel/droppertoggle	Allows you to pick a neutral gray or white part of the Photo to remove color cast
PicasaPy/EditorLegacyTab.qml	Picasa can read this filter from an old .picasa.ini, but its exact pixel operation has not been decoded yet, so it cannot be applied.	sajat-funkcio	A 'Regi effektek' ful (#571) sajat funkcio - egy konkret, meg nem dekodolt regi szuro magyarazata.		
PicasaPy/EditorLegacyTab.qml	These filters come from older Picasa versions.	sajat-funkcio	A 'Regi effektek' ful (#571) sajat funkcio: a motor ismer olyan szureket, amiket a Picasa 3.9 felulete sosem mutatott meg - ez a fejlec-magyarazat a mi hozzaadott fulunkhoz tartozik.		
PicasaPy/EditorLegacyTab.qml	This name is a leftover from an old configuration. Picasa 3.9 has no processor for it either, so it cannot be applied.	sajat-funkcio	A 'Regi effektek' ful (#571) sajat funkcio - egy konkret nem-alkalmazhato regi szuro magyarazata.		
PicasaPy/EditorLegacyTab.qml	Today's Picasa only recognises them inside your old edits.	sajat-funkcio	A 'Regi effektek' ful (#571) sajat funkcio - magyarazo szoveg ugyanahhoz a fulhoz.		
PicasaPy/EditorPanel.qml	Close crop to faces	segedszoveg	A vágás-javaslat gombok maguk megvannak az eredetiben is (ui-leltar.csv: editpanel/cropsug1, cropsug2, cropsug3 — 3 db, előnézeti bélyegképpel), de FELIRAT NÉLKÜL: a felirat- és buborék-mező mindháromnál üres. Az eredeti tehát nem ír ki szöveget ehhez a helyzethez, csak ikonos előnézetet mutat — a mi 5 elnevezett stratégiánk (a 3 helyett) saját szöveges kiegészítés.		
PicasaPy/EditorPanel.qml	Compose around faces	segedszoveg	A vágás-javaslat gombok maguk megvannak az eredetiben is (ui-leltar.csv: editpanel/cropsug1, cropsug2, cropsug3 — 3 db, előnézeti bélyegképpel), de FELIRAT NÉLKÜL: a felirat- és buborék-mező mindháromnál üres. Az eredeti tehát nem ír ki szöveget ehhez a helyzethez, csak ikonos előnézetet mutat — a mi 5 elnevezett stratégiánk (a 3 helyett) saját szöveges kiegészítés.		
PicasaPy/EditorPanel.qml	Crop by color	segedszoveg	A vágás-javaslat gombok maguk megvannak az eredetiben is (ui-leltar.csv: editpanel/cropsug1, cropsug2, cropsug3 — 3 db, előnézeti bélyegképpel), de FELIRAT NÉLKÜL: a felirat- és buborék-mező mindháromnál üres. Az eredeti tehát nem ír ki szöveget ehhez a helyzethez, csak ikonos előnézetet mutat — a mi 5 elnevezett stratégiánk (a 3 helyett) saját szöveges kiegészítés.		
PicasaPy/EditorPanel.qml	Crop by detail	segedszoveg	A vágás-javaslat gombok maguk megvannak az eredetiben is (ui-leltar.csv: editpanel/cropsug1, cropsug2, cropsug3 — 3 db, előnézeti bélyegképpel), de FELIRAT NÉLKÜL: a felirat- és buborék-mező mindháromnál üres. Az eredeti tehát nem ír ki szöveget ehhez a helyzethez, csak ikonos előnézetet mutat — a mi 5 elnevezett stratégiánk (a 3 helyett) saját szöveges kiegészítés.		
PicasaPy/EditorPanel.qml	Crop by horizon	segedszoveg	A vágás-javaslat gombok maguk megvannak az eredetiben is (ui-leltar.csv: editpanel/cropsug1, cropsug2, cropsug3 — 3 db, előnézeti bélyegképpel), de FELIRAT NÉLKÜL: a felirat- és buborék-mező mindháromnál üres. Az eredeti tehát nem ír ki szöveget ehhez a helyzethez, csak ikonos előnézetet mutat — a mi 5 elnevezett stratégiánk (a 3 helyett) saját szöveges kiegészítés.		
PicasaPy/EditorParamPanel.qml	Block Size	sajat-funkcio	Effekt-parameter felirat, amit jelenleg egyetlen bekototott effekt sem hasznal (effect_params.py-ban nem szerepel) - a Regi effektek fulnak (#571) fenntartott forditasi kulcs.		
PicasaPy/EditorParamPanel.qml	Blur Radius	segedszoveg	A Pencil Sketch szuro elmosas-parametere; az eredeti filter_PencilSketch bejegyzesnek nincs parameter-felirata (csak nev+tooltip) - az eredetiben ez a szuro egy kattintasos, allithato parameter nelkul.		
PicasaPy/EditorParamPanel.qml	Center X	segedszoveg	Effekt-parameter felirat (kozeppont X koordinataja); az erintett eredeti szurok (Soft Focus/Focal B&W/Soften) parameterlistajaban NINCS ilyen vezerlo - a helyzet (kozeppont kezi allitasa) az eredetiben nem all elo.		
PicasaPy/EditorParamPanel.qml	Center Y	segedszoveg	Effekt-parameter felirat (kozeppont Y koordinataja); ugyanaz az indoklas mint a Center X-nel.		
PicasaPy/EditorParamPanel.qml	Color Mix	segedszoveg	A Pencil Sketch szuro szinkeveres-parametere; ugyanaz az indoklas mint a Blur Radius-nal.		
PicasaPy/EditorParamPanel.qml	Edge Strength	segedszoveg	A Neon szuro elszogesseg-parametere; az eredeti filter_Neon bejegyzesnek nincs parameter-felirata (egy kattintasos szuro).		
PicasaPy/EditorParamPanel.qml	Gradient	elteres	Ugyanaz a csúszka (Színátmenet effekt, dir_tint 3. paramétere). Hivatalos: „Lágy perem” → nálunk: „Átmenet”.	filter_dir_tint_label1	Feather
PicasaPy/EditorParamPanel.qml	Inner Radius	sajat-funkcio	Effekt-parameter felirat, amit jelenleg egyetlen bekototott effekt sem hasznal (effect_params.py-ban nem szerepel) - csak a Regi effektek fulon (#571) meg nem drotozott szureknek fenntartott, elore felsorolt forditasi kulcs.		
PicasaPy/EditorParamPanel.qml	Line Position	sajat-funkcio	Effekt-parameter felirat, amit jelenleg egyetlen bekototott effekt sem hasznal (effect_params.py-ban nem szerepel) - a Regi effektek fulnak (#571) fenntartott forditasi kulcs.		
PicasaPy/EditorParamPanel.qml	Preserve Color	elteres	Ugyanaz a csúszka (Árnyalás effekt). Hivatalos: „Színek megőrzése” → nálunk: „Szín megőrzése”.	filter_tint_label1	Color Preservation
PicasaPy/EditorParamPanel.qml	Smoothness	segedszoveg	A Comicize szuro simasag-parametere; az eredeti filter_Comicize bejegyzesnek nincs parameter-felirata (egy kattintasos szuro).		
PicasaPy/EditorParamPanel.qml	Width	sajat-funkcio	Effekt-parameter felirat, amit jelenleg egyetlen bekototott effekt sem hasznal (effect_params.py-ban nem szerepel) - a Regi effektek fulnak (#571) fenntartott forditasi kulcs.		
PicasaPy/EditorRedeyePanel.qml	Click, hold, and drag the mouse around each eye separately 	mero-vakfolt	A magyar szövegünk betűre egyezik a vörösszem-panel editpanel/redeyetext hivatalos magyarjával (az angol is azonos).	editpanel/redeyetext	Click, hold, and drag the mouse around each eye separately to select it. A selection box appears over the area.  Release the mouse to complete your selection. The Photo is displayed with the red-eye removed.
PicasaPy/EditorRedeyePanel.qml	No red eye was found automatically.	segedszoveg	Automatikusan nem talált vörösszemet állapotüzenet; a hivatalos RedEye::* üzenetek csak a TALÁLT esetre adnak szöveget, a nem-talált állapotra nincs hivatalos megfelelő — ez a mi saját státuszjelzésünk.		
PicasaPy/EditorRedeyePanel.qml	Note: click inside the box to undo the change.	mero-vakfolt	A magyar szövegünk betűre egyezik a RedEye::DragToSelectMessage „Megjegyzés” mondatával; csak az angol saját fogalmazás.	RedEye::DragToSelectMessage	Click, hold, and drag the mouse around each eye separately to select it. A selection box appears over the area.  Release the mouse to complete your selection. The Photo is displayed with the red-eye removed.\nNote: You can click on a box to delete a change.
PicasaPy/EditorRedeyePanel.qml	Picasa has found and corrected red eye(s).	elteres	CSAK-FORDÍTÁS: az angol forrás tartalmilag azonos (csak tördelés/záró kérdés különbözik), de a magyar fordításunk eltér. Hivatalos magyar: „A Picasa vörösszem-effektusokat talált a képen, és kijavította őket.\n\nMegjegyzés: a keretbe kattintva visszavonhatja a változást.\n\nA Picasa által esetleg figyelmen kívül hagyott vörösszemeket manuálisan kijelölheti és kijavíthatja.” — nálunk: „A vörösszem-hatás megtalálva és javítva.”.	RedEye::AutoFixedMessage	Picasa has found and corrected red eye(s).\n\nNote: You can click on a box to delete a change.\n\nYou can also draw a square around any red eye that Picasa may have missed.
PicasaPy/EditorRetouchPanel.qml	Click to select the area to fix. Then, move the mouse to 	segedszoveg	A retusáló eszköz saját, hosszú használati útmutatója; nincs megfelelője a forrásokban.		
PicasaPy/EditorRetouchPanel.qml	Refining…	segedszoveg	Átmeneti állapotjelző felirat ('Refining…') a retusálás véglegesítése közben; nincs megfelelője a forrásokban.		
PicasaPy/EditorTabBar.qml	Common Fixes	segedszoveg	Az 1. (eredeti) effekt-ful LATHATO felirata; az eredeti tab1 elem (editpanel/tab1) csak ikon+buboreksugo, latszo szoveges cimke nelkul - hozzaferhetosegi/latszo nev, amit mi adtunk hozza.		
PicasaPy/EditorTabBar.qml	Creative	segedszoveg	A 4. (eredeti) effekt-ful lathato felirata; az eredeti tab4 elem csak ikon+buboreksugo, lathato cimke nelkul.		
PicasaPy/EditorTabBar.qml	Effects	segedszoveg	A 3. (eredeti) effekt-ful lathato felirata; az eredeti tab3 elem csak ikon+buboreksugo, lathato cimke nelkul.		
PicasaPy/EditorTabBar.qml	Filters left in the Picasa engine but not on its surface	sajat-funkcio	A 'Regi effektek' ful (#571) leirasa - sajat funkcio, lasd elozo sor.		
PicasaPy/EditorTabBar.qml	Fine Tuning	segedszoveg	A 2. (eredeti) effekt-ful lathato felirata; az eredeti tab2 elem csak ikon+buboreksugo, lathato cimke nelkul.		
PicasaPy/EditorTabBar.qml	Glimmer effects beyond the three known tabs	sajat-funkcio	A '6. ful' (#422) leirasa - sajat funkcio, lasd elozo sor.		
PicasaPy/EditorTabBar.qml	Legacy Effects	sajat-funkcio	A 'Regi effektek' ful (#571) sajat funkcio.		
PicasaPy/EditorTabBar.qml	More Effects	sajat-funkcio	A '6. ful' ('Tovabbi effektek', #422) sajat funkcio: olyan Glimmer-effektek, amik nem szerepelnek a 3-5. fulon.		
PicasaPy/EditorTextPanel.qml	Align center	elteres	Ugyanannak az igazítógombnak a buboréksúgója, más fogalmazás. Hivatalos magyar: „Szöveg középre igazítása” — nálunk: „Középre igazítás”.	edittextpanel/centeralign	Center justify text
PicasaPy/EditorTextPanel.qml	Align left	elteres	Ugyanannak az igazítógombnak a buboréksúgója, más fogalmazás. Hivatalos magyar: „Szöveg balra igazítása” — nálunk: „Balra igazítás”.	edittextpanel/leftalign	Left justify text
PicasaPy/EditorTextPanel.qml	Align right	elteres	Ugyanannak az igazítógombnak a buboréksúgója, más fogalmazás. Hivatalos magyar: „Szöveg jobbra igazítása” — nálunk: „Jobbra igazítás”.	edittextpanel/rightalign	Right justify text
PicasaPy/EditorTextPanel.qml	B	segedszoveg	"A Félkövér kapcsológomb egybetűs felirata (""B""); az eredetiben ez feltehetően ikonos gomb volt (a tooltip ""Félkövér""/Bold külön mért), a szöveges ""B"" a mi saját, ikont helyettesítő hozzáférhetőségi feliratunk."		
PicasaPy/EditorTextPanel.qml	I	segedszoveg	"A Dőlt kapcsológomb egybetűs felirata (""I""); ugyanaz az indoklás, mint a ""B""-nél — saját, ikont helyettesítő felirat."		
PicasaPy/EditorTextPanel.qml	Outline color	segedszoveg	A körvonalszín-választó megvan, de az eredeti szövegpanel teljes angol és magyar leltárában (edittextpanel/*) nincs ilyen felirat.		
PicasaPy/EditorTextPanel.qml	Outline thickness	segedszoveg	A körvonal-csúszka megvan, de az eredeti szövegpanel teljes angol és magyar leltárában (edittextpanel/*) nincs ilyen felirat.		
PicasaPy/EditorTextPanel.qml	Type your text, then click on the photo to place it.	segedszoveg	"A szövegeszköz saját, panel-szintű használati útmutatója. Az eredetiben más mechanizmus felel meg ennek: az EditText::GhostText (""Type anywhere to add text"") egy a KÉPRE rajzolt ""szellem-szöveg"", amit a kódunk nem valósít meg — más szerepű vezérlő, nem ugyanaz a helyzet, ezért a mi külön magyarázó szövegünk saját súgó."		
PicasaPy/EditorTextPanel.qml	U	segedszoveg	"Az Aláhúzás kapcsológomb egybetűs felirata (""U""); ugyanaz az indoklás, mint a ""B""-nél — saját, ikont helyettesítő felirat."		
PicasaPy/EmailChoiceDialog.qml	Remember this choice and do not ask again	elteres	Ugyanaz a jelölőnégyzet a levelezés-választó párbeszédben (choose_mail; a kódkomment is ezt nevezi meg). Hivatalos: „Jegyezze meg ezt a beállítást, ne jelenítse meg a párbeszédpanelt újra.” → nálunk: „Jegyezze meg ezt a beállítást, és ne kérdezze meg újra”.	choose_mail/remember	Remember this setting, don't display this dialog again.
PicasaPy/EmailChoiceDialog.qml	Send pictures by email	segedszoveg	A fájl saját megjegyzése szerint (#1798) ez egy leegyszerűsített párbeszéd: az eredeti `choose_mail` két úttal (levelezőprogram / Google Mail) kérdez, itt viszont csak az élő út (alapértelmezett levelezőprogram) marad, mert a Gmail-ág linuxon nem építhető fel. A cím emiatt saját, a leegyszerűsített helyzetre írt szöveg.		
PicasaPy/EmailChoiceDialog.qml	The pictures will be attached to a new message in 	segedszoveg	"A leegyszerűsített, egyutas párbeszéd magyarázó sora — az eredeti `choose_mail` két lehetőség közül választat (""Válassza ki, hogyan szeretné e-mailben elküldeni fotóit.""), nálunk viszont csak tájékoztat az egyetlen útról; más a helyzet, saját szöveg."		
PicasaPy/ExportDialogs.qml	Add numbers to file names to preserve order	mero-vakfolt	A mi magyarunk betűre egyezik a hivatalos export.fen-fordítással.	export/addnumbers.title	Add numbers to file names to preserve order
PicasaPy/ExportDialogs.qml	Add watermark	mero-vakfolt	A mi magyarunk betűre egyezik a hivatalos export.fen-fordítással.	export/usewatermark.title	Add watermark
PicasaPy/ExportDialogs.qml	Browse...	mero-vakfolt	A mi magyarunk a hivatalossal egyezik, csak …/... eltérés („Tallózás…”).	export/changeloc.title	Browse...
PicasaPy/ExportDialogs.qml	Export location:	mero-vakfolt	A mi magyarunk betűre egyezik a hivatalos export.fen-fordítással.	export/labelgroup2.title	Export location:
PicasaPy/ExportDialogs.qml	Export movies using:	mero-vakfolt	A mi magyarunk betűre egyezik a hivatalos export.fen-fordítással.	export/labelgroup35.title	Export movies using:
PicasaPy/ExportDialogs.qml	Export to Folder	mero-vakfolt	A mi magyarunk betűre egyezik a hivatalos export.fen-fordítással.	export/window1.title	Export to Folder
PicasaPy/ExportDialogs.qml	First frame	mero-vakfolt	A mi magyarunk betűre egyezik a hivatalos export.fen-fordítással.	export/radio37.title	First frame
PicasaPy/ExportDialogs.qml	Full movie (no resizing)	mero-vakfolt	A mi magyarunk betűre egyezik a hivatalos export.fen-fordítással.	export/radio38.title	Full movie (no resizing)
PicasaPy/ExportDialogs.qml	Good balance of quality and size	mero-vakfolt	A mi magyarunk betűre egyezik a hivatalos export.fen-fordítással.	export/label31.title	Good balance of quality and size
PicasaPy/ExportDialogs.qml	Image quality:	mero-vakfolt	A mi magyarunk betűre egyezik a hivatalos export.fen-fordítással.	export/labelgroup20.title	Image quality:
PicasaPy/ExportDialogs.qml	Maximum	mero-vakfolt	A mi magyarunk betűre egyezik a hivatalos export.fen-fordítással.	export/item25.title	Maximum
PicasaPy/ExportDialogs.qml	Minimum	mero-vakfolt	A mi magyarunk betűre egyezik a hivatalos export.fen-fordítással.	export/item26.title	Minimum
PicasaPy/ExportDialogs.qml	Name of exported folder:	mero-vakfolt	A mi magyarunk betűre egyezik a hivatalos export.fen-fordítással.	export/labelgroup6.title	Name of exported folder:
PicasaPy/ExportDialogs.qml	None of the selected pictures has a location, so no Google Earth file was written.	segedszoveg	"Egyik kijelölt képnek sincs helyadata, ezért nem készült Google Earth-fájl állapotüzenet; a Google Earth-export hivatalos szövegei (EarthController::*) között nincs ilyen ""nincs helyadat"" eset — ez a mi saját visszajelzésünk."		
PicasaPy/ExportDialogs.qml	Preserves original image quality	mero-vakfolt	A mi magyarunk betűre egyezik a hivatalos export.fen-fordítással.	export/label30.title	Preserves original image quality
PicasaPy/ExportDialogs.qml	Resize to:	mero-vakfolt	A mi magyarunk betűre egyezik a hivatalos export.fen-fordítással.	export/radio12.title	Resize to:
PicasaPy/ExportDialogs.qml	Smallest file size, some quality loss	mero-vakfolt	A mi magyarunk betűre egyezik a hivatalos export.fen-fordítással.	export/label33.title	Smallest file size, some quality loss
PicasaPy/ExportDialogs.qml	Stamp photos with your name, a web domain, or a copyright notice.	mero-vakfolt	A mi magyarunk betűre egyezik a hivatalos export.fen-fordítással.	export/label44.title	Stamp photos with your name, a web domain, or a copyright notice.
PicasaPy/ExportDialogs.qml	Use original size	mero-vakfolt	A mi magyarunk betűre egyezik a hivatalos export.fen-fordítással.	export/radio11.title	Use original size
PicasaPy/ExportDialogs.qml	Very large file size, preserves fine detail	mero-vakfolt	A mi magyarunk betűre egyezik a hivatalos export.fen-fordítással.	export/label32.title	Very large file size, preserves fine detail
PicasaPy/ExportDialogs.qml	Watermark:	mero-vakfolt	A mi magyarunk betűre egyezik a hivatalos export.fen-fordítással.	export/labelgroup39.title	Watermark:
PicasaPy/ExportDialogs.qml	pixels	mero-vakfolt	A mi magyarunk betűre egyezik a hivatalos export.fen-fordítással.	export/label18.title	pixels
PicasaPy/FaceScanDialog.qml	As a second step PicasaPy can compare the faces it found and 	sajat-funkcio	Az arckeresés-indító ablak (#1473) maga saját funkció: a fájl fejléckommentje kimondja, hogy 'Az EREDETI Picasában az arckeresésnek nem volt indítsd-el menüpontja: a BgFaceDetectThread háttérszál alapból BE volt kapcsolva... Nálunk ilyen háttérszál MA NINCS', ezért ez az egész ablak (kereséssel, modell-letöltéssel, csoportosítással) a mi hozzáadásunk.		
PicasaPy/FaceScanDialog.qml	Download the model	sajat-funkcio	Az arckeresés-indító ablak (#1473) maga saját funkció: a fájl fejléckommentje kimondja, hogy 'Az EREDETI Picasában az arckeresésnek nem volt indítsd-el menüpontja: a BgFaceDetectThread háttérszál alapból BE volt kapcsolva... Nálunk ilyen háttérszál MA NINCS', ezért ez az egész ablak (kereséssel, modell-letöltéssel, csoportosítással) a mi hozzáadásunk.		
PicasaPy/FaceScanDialog.qml	Downloading the model...	sajat-funkcio	Az arckeresés-indító ablak (#1473) maga saját funkció: a fájl fejléckommentje kimondja, hogy 'Az EREDETI Picasában az arckeresésnek nem volt indítsd-el menüpontja: a BgFaceDetectThread háttérszál alapból BE volt kapcsolva... Nálunk ilyen háttérszál MA NINCS', ezért ez az egész ablak (kereséssel, modell-letöltéssel, csoportosítással) a mi hozzáadásunk.		
PicasaPy/FaceScanDialog.qml	Find Faces	sajat-funkcio	Az arckeresés-indító ablak (#1473) maga saját funkció: a fájl fejléckommentje kimondja, hogy 'Az EREDETI Picasában az arckeresésnek nem volt indítsd-el menüpontja: a BgFaceDetectThread háttérszál alapból BE volt kapcsolva... Nálunk ilyen háttérszál MA NINCS', ezért ez az egész ablak (kereséssel, modell-letöltéssel, csoportosítással) a mi hozzáadásunk.		
PicasaPy/FaceScanDialog.qml	Group Faces	sajat-funkcio	Az arckeresés-indító ablak (#1473) maga saját funkció: a fájl fejléckommentje kimondja, hogy 'Az EREDETI Picasában az arckeresésnek nem volt indítsd-el menüpontja: a BgFaceDetectThread háttérszál alapból BE volt kapcsolva... Nálunk ilyen háttérszál MA NINCS', ezért ez az egész ablak (kereséssel, modell-letöltéssel, csoportosítással) a mi hozzáadásunk.		
PicasaPy/FaceScanDialog.qml	Grouping cancelled. The groups made so far are kept.	sajat-funkcio	Az arckeresés-indító ablak (#1473) maga saját funkció: a fájl fejléckommentje kimondja, hogy 'Az EREDETI Picasában az arckeresésnek nem volt indítsd-el menüpontja: a BgFaceDetectThread háttérszál alapból BE volt kapcsolva... Nálunk ilyen háttérszál MA NINCS', ezért ez az egész ablak (kereséssel, modell-letöltéssel, csoportosítással) a mi hozzáadásunk.		
PicasaPy/FaceScanDialog.qml	Grouping...	sajat-funkcio	Az arckeresés-indító ablak (#1473) maga saját funkció: a fájl fejléckommentje kimondja, hogy 'Az EREDETI Picasában az arckeresésnek nem volt indítsd-el menüpontja: a BgFaceDetectThread háttérszál alapból BE volt kapcsolva... Nálunk ilyen háttérszál MA NINCS', ezért ez az egész ablak (kereséssel, modell-letöltéssel, csoportosítással) a mi hozzáadásunk.		
PicasaPy/FaceScanDialog.qml	PicasaPy goes through the pictures of your library and looks 	sajat-funkcio	Az arckeresés-indító ablak (#1473) maga saját funkció: a fájl fejléckommentje kimondja, hogy 'Az EREDETI Picasában az arckeresésnek nem volt indítsd-el menüpontja: a BgFaceDetectThread háttérszál alapból BE volt kapcsolva... Nálunk ilyen háttérszál MA NINCS', ezért ez az egész ablak (kereséssel, modell-letöltéssel, csoportosítással) a mi hozzáadásunk.		
PicasaPy/FaceScanDialog.qml	Search cancelled. The faces found so far are kept.	sajat-funkcio	Az arckeresés-indító ablak (#1473) maga saját funkció: a fájl fejléckommentje kimondja, hogy 'Az EREDETI Picasában az arckeresésnek nem volt indítsd-el menüpontja: a BgFaceDetectThread háttérszál alapból BE volt kapcsolva... Nálunk ilyen háttérszál MA NINCS', ezért ez az egész ablak (kereséssel, modell-letöltéssel, csoportosítással) a mi hozzáadásunk.		
PicasaPy/FaceScanDialog.qml	Searching...	sajat-funkcio	Az arckeresés-indító ablak (#1473) maga saját funkció: a fájl fejléckommentje kimondja, hogy 'Az EREDETI Picasában az arckeresésnek nem volt indítsd-el menüpontja: a BgFaceDetectThread háttérszál alapból BE volt kapcsolva... Nálunk ilyen háttérszál MA NINCS', ezért ez az egész ablak (kereséssel, modell-letöltéssel, csoportosítással) a mi hozzáadásunk.		
PicasaPy/FacesOverlay.qml	Drag a rectangle over the face you want to add, then 	elteres	"Ugyanaz a helyzet (kézi arc-hozzáadás útmutatója), nálunk lényegesen rövidebb, összevont szöveg. Hivatalos magyar: „Utasítások:\n\n1) A négyszöget alakítsa úgy, hogy illeszkedjen a hozzáadni kívánt személy arcához.\n\nHúzással a megfelelő helyre helyezheti a négyszöget, oldalainak mozgatásával pedig pontosíthatja az alakját.\n\n2) Kattintson a négyszög alatt látható ""Név hozzáadása"" feliratra, és írja be a személy nevét.\n\n(Ne feledje, hogy a befejezéshez le kell nyomnia az Enter billentyűt, vagy az egyik automatikusan kiegészített névre kell kattintania.)” — nálunk: „Húzzon négyszöget a hozzáadni kívánt arc fölé, majd az oldalaival pontosítsa az alakját. Kattintson a négyszög alatti „Név hozzáadása"" feliratra, és írja be a személy nevét.”."	manual_add::instructions	"Instructions:\n\n1) Manipulate the rectangle to fit the face of the person you want to add.\n\nYou can drag the rectangle to position it, and move its sides to refine the shape.\n\n2) Click on \""Add a name\"" under the rectangle and type in the person's name.\n\n(Be sure to either press Enter or click on an autocompleted name to indicate that you are done)"
PicasaPy/FileOpsDialogs.qml	File operation failed	segedszoveg	Saját, általános állapotjelző cím a háttérben futó fájlművelet sikertelenségére; nincs megfelelője a forrásokban.		
PicasaPy/FileOpsDialogs.qml	File operation finished	segedszoveg	Saját, általános állapotjelző cím a háttérben futó fájlművelet befejezésére; nincs megfelelője a forrásokban.		
PicasaPy/FileOpsDialogs.qml	Image resolution	mero-vakfolt	A mi magyarunk betűre egyezik a hivatalossal („Képfelbontás”, Átnevezés párbeszéd).	rename/size.title	
PicasaPy/FileOpsDialogs.qml	Include in filename:	elteres	Ugyanaz a csoportcímke az Átnevezés párbeszédben. Hivatalos: „Befoglalás a fájlnévbe:” → nálunk: „A fájlnévben szerepeljen:”.	rename/labelgroup8.title	Include in filename:
PicasaPy/FileOpsDialogs.qml	Move to Folder...	mero-vakfolt	A mi magyarunk („Áthelyezés új mappába…”) a hivatalossal egyezik (csak …/...); az angol forrásunk rövidebb („Move to Folder...”), de a magyar felületen nem látszik.	IDS_MOVE_TO_NEW_FOLDER	Move to New Folder...
PicasaPy/FileOpsDialogs.qml	Please enter a new name for these files:	elteres	Ugyanaz a felirat az Átnevezés párbeszédben. Hivatalos: „Kérjük, adjon új nevet ezeknek a fájloknak:” → nálunk: „Adjon új nevet ezeknek a fájloknak:”.	rename/label5.title	Please enter a new name for these files:
PicasaPy/FileOpsDialogs.qml	This file cannot be moved to the Trash and will be deleted immediately. This cannot be undone.	elteres	Ugyanaz a megerősítés; nálunk más a szóhasználat és nincs záró kérdés. Hivatalos: „A fájl nem helyezhető át a Kukába, a program azonnal törölni fogja. Biztosan folytatja a műveletet?” → nálunk: „Ez a fájl nem helyezhető át a Lomtárba, ezért azonnal, véglegesen törlődik. Ez nem vonható vissza.”	CThumbUI::ConfirmImmediateDeletion::Message	This file cannot be moved to the Trash and will be deleted immediately. Are you sure you want to continue?
PicasaPy/FolderContextMenu.qml	&Manual order	bizonytalan	A helyzet azonossága kérdéses: a CSelectionNode::SortPrior („Rendezés prioritás szerint”) a mért forrás szerint rendezési ÁLLAPOTSZÖVEG, nem menütétel, és a mért Mappa ▸ Rendezés almenüben nincs kézi/prioritás tétel; a kódkomment menütételnek mondja, ezt nem igazolja semmi.	CSelectionNode::SortPrior	Sorting by priority
PicasaPy/FolderManagerDialog.qml	Choose which folders PicasaPy watches. New and changed 	segedszoveg	Sajat magyarazo szoveg a Mappakezelo dialogus tetejen; nincs talalhato eredeti megfelelo szoveg.		
PicasaPy/FolderManagerDialog.qml	Folder Manager — Help	segedszoveg	A Mappakezelohoz tartozo KULON sugo-ablak cime - sajat 'sugo-/magyarazo szovegunk', az eredetiben nincs bizonyitottan kulon sugo-ablak erre.		
PicasaPy/FolderManagerDialog.qml	If you remove this folder, new items that you add to 	elteres	Ugyanaz a megerősítés (figyelt mappa eltávolítása), az angol is eltér („this folder”, „to your library”). Hivatalos magyar: „Ha egy figyelt mappát eltávolít, a lemezen oda mentett új fájlokat a Picasa nem veszi fel automatikusan. Biztosan ezt szeretné?” — nálunk: „Ha eltávolítja ezt a mappát, a lemezen később bele tett új képek nem kerülnek automatikusan a könyvtárba.”.	IDS_HOTFOLDER_CONFIRM	If you remove a watched folder, new items that you add to that folder on disk will not be automatically added to Picasa. Are you sure you want to do this?
PicasaPy/FolderManagerDialog.qml	Scan Always keeps watching the folder: pictures you add 	segedszoveg	A fenti sugo-ablak tartalma (Scan Always / Scan Once / Remove modok magyarazata) - sajat magyarazo szoveg.		
PicasaPy/FolderManagerDialog.qml	Watching an entire drive can slow down the system. 	elteres	CSAK-FORDÍTÁS: az angol forrás tartalmilag azonos (csak tördelés/záró kérdés különbözik), de a magyar fordításunk eltér. Hivatalos magyar: „Egy teljes meghajtó figyelése lelassíthatja a rendszert. Jobb lenne több almappát kiválasztani. Biztosan ezt kívánja tenni?” — nálunk: „Egy teljes meghajtó figyelése lelassíthatja a rendszert. Érdemesebb néhány almappát kiválasztani.”.	IDS_ROOT_WATCH_WARNING	Watching an entire drive can slow down the system. It would be better to select several sub-folders. Are you sure you want to do this?
PicasaPy/FolderPane.qml	Currently unavailable — the folder stays in the database, thumbnails come from the cache.	segedszoveg	Ugyanaz a helyzet, mint a Main.qml megfelelo sorae (mappaelerhetetlenseg magyarazata); nincs talalhato eredeti megfelelo.		
PicasaPy/FolderPane.qml	Folders on Disk	segedszoveg	A ui-lefedettseg.md spec kifejezetten kizarja: 0,97-es hasonlosaggal illeszkedik a CAcquireUI::folderondisk EGYES szamu 'Folder on Disk' feliratara, ami az eredetiben a gyujtemeny alapertelmezett NEVE, nem panel-cimsor - mas szerepu par, nem bizonyithato eltereres.		
PicasaPy/FolderPropertiesDialog.qml	Automatic date	mero-vakfolt	A magyar szövegünk betűre egyezik az album/autodate.title hivatalos magyarjával.	album/autodate.title	
PicasaPy/FolderPropertiesDialog.qml	Description (optional):	elteres	Ugyanaz a mező; angol hivatalos szöveg nincs. Hivatalos magyar: „Leírás (opcionális):” — nálunk: „Leírás (nem kötelező):”.	album/labelgroup16.title	
PicasaPy/FolderPropertiesDialog.qml	Enter the date as YYYY-MM-DD.	segedszoveg	"A dátummező beviteli formátum-súgója; a leltárakban talált legközelebbi hasonló szöveg (iCAcquireUI::AutoDate, ""Date Taken (YYYY-MM-DD)"") más vezérlőé (az Import-panel dátummező CÍMKÉJE, nem egy validációs hibaüzenet) — más szerepű pár, nem valódi találat; ez a mi saját beviteli-hint szövegünk."		
PicasaPy/FolderPropertiesDialog.qml	Place taken (optional):	elteres	Ugyanaz a mező; angol hivatalos szöveg nincs. Hivatalos magyar: „Felvétel készítésének helye (opcionális):” — nálunk: „A felvétel helye (nem kötelező):”.	album/labelgroup14.title	
PicasaPy/FolderPropertiesDialog.qml	Use music for Slideshow and Movie presentation:	elteres	Ugyanaz a jelölőnégyzet a mappa-tulajdonságokban; angol hivatalos szöveg nincs. Hivatalos magyar: „Zene használata diavetítéshez és mozgófilmes prezentációhoz:” — nálunk: „Zene használata a diavetítéshez és a mozgófilmhez:”.	album/usemusic.title	
PicasaPy/FolderStatePanel.qml	Select a folder on the left.	segedszoveg	Üres-állapot súgószöveg, ha nincs kiválasztott mappa; nincs megfelelője a forrásokban.		
PicasaPy/HelpDialog.qml	Back	segedszoveg	A súgó funkció megvan, de az eredeti online súgót nyit; beépített súgóablak és benne „Vissza” gomb nincs.		
PicasaPy/HelpDialog.qml	Contents	segedszoveg	A súgó funkció megvan, de az eredeti online súgót nyit; beépített súgóablak „Tartalom” eleme nincs.		
PicasaPy/HelpDialog.qml	Search in help	segedszoveg	A súgó funkció megvan, de az eredeti online súgót nyit; beépített súgóablak keresőmezője nincs.		
PicasaPy/HiddenPasswordDialog.qml	Enter a password to use for the hidden folders.	segedszoveg	Jelszo-bekero prompt (uj jelszo beallitasa); nincs talalhato eredeti megfelelo.		
PicasaPy/HiddenPasswordDialog.qml	Enter the password to show the hidden folders.	segedszoveg	Jelszo-bekero prompt (feloldas a megtekintesehez); nincs talalhato eredeti megfelelo.		
PicasaPy/HiddenPasswordDialog.qml	Hidden folders are locked	segedszoveg	Rejtett mappak zarolt allapotanak felirata; nincs talalhato eredeti megfelelo.		
PicasaPy/HiddenPasswordDialog.qml	Password for hidden folders	segedszoveg	Rejtett mappak jelszo-dialogusanak cime; a funkcio (Rejtett mappak jelszava) eredeti, de erre a konkret dialogus-szovegre nincs talalhato eredeti megfelelo egyik korpuszban sem.		
PicasaPy/HiddenPasswordDialog.qml	Remove the password	segedszoveg	Jelszo eltavolitasa gomb felirata; nincs talalhato eredeti megfelelo.		
PicasaPy/HiddenPasswordDialog.qml	Stronger protection (Picasa cannot open it)	segedszoveg	Erosebb vedelem opcio felirata; nincs talalhato eredeti megfelelo.		
PicasaPy/HiddenPasswordDialog.qml	This only hides the folders inside PicasaPy. The files 	segedszoveg	Sajat magyarazo szoveg a rejtes korlatairol (csak a PicasaPy-n belul rejt); nincs talalhato eredeti megfelelo.		
PicasaPy/HiddenPasswordDialog.qml	Type the password again	segedszoveg	Jelszo-ismetles mezo felirata; nincs talalhato eredeti megfelelo.		
PicasaPy/HistogramBox.qml	Histogram and camera information	segedszoveg	A hisztogram+EXIF panel hozzaferhetosegi neve; az eredeti thumbui/histogram elem ikon-csak, felirat/buborek nelkul.		
PicasaPy/ImportProgressPanel.qml	Importing	bizonytalan	A lebegő import-folyamatpanel címére nincs hivatalos forrás, és az is kérdéses, hogy az eredetiben van-e ilyen panel; a talált „Importálás” sztringek fülek/gombok, más helyzet.		
PicasaPy/ImportSourceDialog.qml	(none selected)	segedszoveg	(nincs kiválasztva) üres-állapot helykitöltő szöveg forrás-/célmappa mezőknél; saját segédszöveg.		
PicasaPy/ImportSourceDialog.qml	Browse...	elteres	SZÁNDÉKOS: a kódkomment szerint az eredeti legördülő „Choose…” tételét nálunk „a »Tallózás…« … a mellette álló gomb — így a szakaszhatár is látszik”. Hivatalos: „Kiválasztás...” → nálunk: „Tallózás…”.	Acquire::ChooseFolder	Choose...
PicasaPy/ImportSourceDialog.qml	Choose destination folder...	segedszoveg	A natív mappaválasztó (FolderDialog) ablakcíme cél-mappához; technikai UI-szöveg, nincs hozzá talált hivatalos forrás.		
PicasaPy/ImportSourceDialog.qml	Choose source folder...	segedszoveg	A natív mappaválasztó (FolderDialog) ablakcíme forrás-mappához; technikai UI-szöveg, nincs hozzá talált hivatalos forrás.		
PicasaPy/ImportSourceDialog.qml	Enter new folder title or choose existing folder to continue	elteres	A #441 az eredeti importálás célmappa-módjait követi; az eredeti felirata „Mappa nevének megadása”.	iCAcquireUI::SubFolder	Enter Folder Title
PicasaPy/ImportSourceDialog.qml	Exclude Duplicates	segedszoveg	"Duplikátumok kihagyása jelölőnégyzet RÖVID felirata; az ui-leltar.csv `acquirepanel/excludedupesbutton` bejegyzésében a ""felirat"" (látható címke) mező ÜRES, csak a buborék (""Exclude photos that are already imported into Picasa"") van kitöltve — vagyis az eredetiben ez ikon volt, látható szöveg nélkül; a rövid felirat a mi saját, ikont helyettesítő címkénk."		
PicasaPy/ImportSourceDialog.qml	Import from Source	segedszoveg	Az import funkció megvan, de az eredetiben nem külön ablak (a főablakba épülő importpanel), így ablakcím sincs; a menüparancs „&Importálás forrása...”.		
PicasaPy/ImportSourceDialog.qml	Import into folder with today's date	elteres	Az eredeti célmappa-mód felirata „%s (ma)” — a mai dátum a helyőrzőben.	iCAcquireUI::TodayDate	%s (Today)
PicasaPy/ImportSourceDialog.qml	Import into separate folders for each date taken	elteres	Az eredeti célmappa-mód felirata „Készítés dátuma (ÉÉÉÉ. HH. NN.)”.	iCAcquireUI::AutoDate	Date Taken (YYYY-MM-DD)
PicasaPy/ImportSourceDialog.qml	Import pictures and videos from another folder (e.g. a 	segedszoveg	"A párbeszéd saját magyarázó bevezető mondata (""Import pictures and videos from another folder...""); nincs hozzá talált hivatalos forrás — saját leíró szöveg."		
PicasaPy/ImportSourceDialog.qml	No pictures or videos found in this folder.	segedszoveg	Nincs kép vagy videó ebben a mappában üres-állapot üzenet; nincs hozzá talált hivatalos forrás — saját visszajelzés.		
PicasaPy/ImportSourceDialog.qml	Recent destinations	bizonytalan	Mint a „Recent sources”: a korábbi célok lenyílójának eredeti felirata nincs a mért forrásokban.		
PicasaPy/ImportSourceDialog.qml	Recent sources	bizonytalan	Az eredeti a „Choose…” mellett a korábbi importokat kínálta (LastImport…), de a lenyíló feliratának szövege nincs a mért forrásokban.		
PicasaPy/ImportSourceDialog.qml	bytes	segedszoveg	"Az átviteli sebesség mértékegysége (fallback ""bytes"" a formatSpeed függvényben); technikai segédszöveg, nincs hozzá talált hivatalos forrás."		
PicasaPy/InitialScanDialog.qml	Choose this option for a more complete search of your computer, which includes extended picture information.  It will preserve your existing edits and organization, but it will not preserve keywords.  This search may take several minutes.	mero-vakfolt	A mi magyarunk betűre egyezik a hivatalossal (initialscan panel).		
PicasaPy/InitialScanDialog.qml	Choose this option if you have pictures stored in various folders across your computer, especially if you have pictures stored on more than one hard drive.	mero-vakfolt	A mi magyarunk betűre egyezik a hivatalossal (initialscan panel).		
PicasaPy/InitialScanDialog.qml	Choose this option if you only store your pictures in these folders.	mero-vakfolt	A mi magyarunk betűre egyezik a hivatalossal (initialscan panel).		
PicasaPy/InitialScanDialog.qml	Choose this option if you use keywords or custom albums in Picasa 1, and you want to preserve these in Picasa 3.	mero-vakfolt	A mi magyarunk betűre egyezik a hivatalossal (initialscan panel).		
PicasaPy/InitialScanDialog.qml	Only search Documents, Pictures, and the Desktop	mero-vakfolt	A mi magyarunk betűre egyezik a hivatalossal; az angolban csak a Windows-mappanév („My Documents”) tér el.	CInitialScanDialog::OnlySearchWin	Only search My Documents, My Pictures, and the Desktop
PicasaPy/InitialScanDialog.qml	Picasa is ready to search for pictures on your computer	mero-vakfolt	A mi magyarunk betűre egyezik a hivatalossal (initialscan panel).		
PicasaPy/InitialScanDialog.qml	Search my computer for pictures again	mero-vakfolt	A mi magyarunk betűre egyezik a hivatalossal (initialscan panel).		
PicasaPy/InitialScanDialog.qml	Search my whole computer for pictures	mero-vakfolt	A mi magyarunk betűre egyezik a hivatalossal (initialscan panel).		
PicasaPy/InitialScanDialog.qml	Searching for pictures never moves or copies files to new locations. You can choose which folders are displayed by Picasa by using the Folder Manager tool (available from the Tools menu)	mero-vakfolt	A mi magyarunk betűre egyezik a hivatalossal (initialscan panel).		
PicasaPy/InitialScanDialog.qml	There is an older version of Picasa installed.  Would you like to update your existing picture library, or search your computer for pictures again?	mero-vakfolt	A mi magyarunk betűre egyezik a hivatalossal (initialscan panel).		
PicasaPy/InitialScanDialog.qml	Update my existing picture library	mero-vakfolt	A mi magyarunk betűre egyezik a hivatalossal (initialscan panel).		
PicasaPy/LightboxFeed.qml	No photos found	mero-vakfolt	A mi magyarunk betűre egyezik a hivatalossal („A program nem talált fotókat”).	thumbui/lightbox_bgtext	
PicasaPy/LightboxHeader.qml	Lower the recognition threshold to get more suggestions	segedszoveg	A gomb megvan, de a buboréksúgója az eredetiben ki van kommentezve (faceheaderpaneltext.tre: „#Tooltip faceheaderpanel/moresug / #Lowers matching threshold”), tehát nem jelenik meg.		
PicasaPy/LightboxHeader.qml	Remove all suggestions	elteres	SZÁNDÉKOS: kijelölt javaslat nélkül a gomb nálunk az összesre hat, és a súgó ezt mondja; kijelölt javaslatnál a mért „Remove selected suggestions” áll (#2187). Hivatalos magyar: „Kijelölt javaslatok törlése” — nálunk: „Az összes javaslat törlése”.	faceheaderpanel/removesel	Remove selected suggestions
PicasaPy/MainToolbar.qml	Kiadások megtekintése a GitHubon	sajat-funkcio	GitHub Kiadasok linkjenek buboreksugoja - kifejezetten PicasaPy-specifikus funkcio, az eredetiben nincs ilyen.		
PicasaPy/MainToolbar.qml	Search	segedszoveg	A kereses-mezo helyettesito szovege; nincs talalhato eredeti megfelelo (az eredeti searchoptions/search elem szoveg nelkuli).		
PicasaPy/MainToolbar.qml	Show duplicate files only	sajat-funkcio	A keresosav NEGYEDIK szuro-ikonja (masodpeldany-szuro): a docs/decisions/vedett-sajat-funkciok.md szerint (#839) ez a mi sajat hozzaadasunk - az eredetiben ezen a helyen a 'webview' szuro all.		
PicasaPy/MoveDatabaseDialog.qml	(none selected)	segedszoveg	(nincs kiválasztva) üres-állapot helykitöltő szöveg; ugyanaz a saját segédszöveg-minta, mint az ImportSourceDialog azonos feliratánál.		
PicasaPy/MoveDatabaseDialog.qml	Browse...	mero-vakfolt	A magyar szövegünk egyezik a move_database/changeloc.title hivatalos magyarjával (csak …/... különbség).	move_database/changeloc.title	
PicasaPy/MoveDatabaseDialog.qml	Cancel the move	segedszoveg	Az ütemezett áthelyezés visszavonása gomb; az eredetiben csak Mégse (bezárás) van, ütemezés-visszavonás nincs.		
PicasaPy/MoveDatabaseDialog.qml	Current database location:	elteres	Ugyanaz a mezőcímke; angol hivatalos szöveg nincs. Hivatalos magyar: „Adatbázis aktuális helye:” — nálunk: „Az adatbázis jelenlegi helye:”.	move_database/labelgroup6.title	
PicasaPy/MoveDatabaseDialog.qml	Move Database	mero-vakfolt	A magyar szövegünk betűre egyezik a move_database/window1.title hivatalos magyarjával.	move_database/window1.title	
PicasaPy/MoveDatabaseDialog.qml	Move on next restart	mero-vakfolt	A magyar szövegünk betűre egyezik a move_database/move.title hivatalos magyarjával.	move_database/move.title	
PicasaPy/MoveDatabaseDialog.qml	Move the photo index and thumbnail cache to a new folder. 	elteres	SZÁNDÉKOS: a kód kommentje: „a FEN két figyelmeztető labelje helyett, átfogalmazva — nálunk a NAS/hálózati hely a NORMÁL eset”. Hivatalos magyar: „A módosítások érvénybe léptetéséhez újra kell indítania a Picasa szolgáltatást.” — nálunk: „A fotóindex és a bélyegkép-gyorsítótár áthelyezése új mappába. A PicasaPy a következő indításkor költözteti át őket.”.	move_database/label3.title	
PicasaPy/MoveDatabaseDialog.qml	Network drives (e.g. a NAS) are fully supported and are 	elteres	SZÁNDÉKOS: a kód kommentje: „a FEN két figyelmeztető labelje helyett, átfogalmazva — nálunk a NAS/hálózati hely a NORMÁL eset”; az eredeti épp a hálózati helyet tiltja. Hivatalos magyar: „Megjegyzés: E kísérleti funkció kipróbálása előtt ajánlatos biztonsági másolatot készíteni az adatbázisról. SOHA ne helyezze át az adatbázist hálózatra, illetve cserélhető vagy külső meghajtóra, mert úgy adatokat veszíthet.” — nálunk: „A hálózati meghajtók (pl. NAS) teljes körűen támogatottak — a PicasaPy-nál ez a szokásos elrendezés; ügyeljen rá, hogy a meghajtó a program futása alatt elérhető maradjon.”.	move_database/label5.title	
PicasaPy/MoveDatabaseDialog.qml	New database location:	elteres	Ugyanaz a mezőcímke; angol hivatalos szöveg nincs. Hivatalos magyar: „Adatbázis új helye:” — nálunk: „Az adatbázis új helye:”.	move_database/labelgroup9.title	
PicasaPy/MoveDatabaseDialog.qml	PicasaPy will move the database the next time it starts.	segedszoveg	Az ütemezés utáni visszajelző szöveg; az eredeti ablakleltárában (move_database/*) nincs ilyen állapotüzenet.		
PicasaPy/NewCollectionDialog.qml	Collection name:	elteres	Ugyanaz a mező (új gyűjtemény neve), más fogalmazás. Hivatalos magyar: „Gyűjteménynév megadása:” — nálunk: „Gyűjtemény neve:”.	IDS_NEW_COLLECTION_PROMPT	Enter Collection Name:
PicasaPy/OptionsDialog.qml	Name Tags	mero-vakfolt	A magyar szövegünk betűre egyezik az options/tab169.title hivatalos magyarjával.	options/tab169.title	
PicasaPy/OptionsDialog.qml	Network	mero-vakfolt	A magyar szövegünk betűre egyezik az options/tab128.title hivatalos magyarjával.	options/tab128.title	
PicasaPy/OptionsDialog.qml	Printing	mero-vakfolt	A magyar szövegünk betűre egyezik az options/tab106.title hivatalos magyarjával.	options/tab106.title	
PicasaPy/OptionsTabEmail.qml	First frame	mero-vakfolt	A mi magyarunk betűre egyezik a hivatalossal („Első képkocka”).	options/radio55.title	
PicasaPy/OptionsTabEmail.qml	Full movie	elteres	Ugyanaz a rádiógomb (Beállítások ▸ E-mail). Hivatalos: „Teljes mozgófilm” → nálunk: „Teljes film”.	options/radio56.title	Full film (enUK)
PicasaPy/OptionsTabEmail.qml	Let me choose each time I send a picture	elteres	Ugyanaz a rádiógomb (Beállítások ▸ E-mail). Hivatalos: „Minden képküldésnél kiválasztom” → nálunk: „Minden képküldésnél választhassak”.	options/radio40.title	Let me choose each time I send pictures (enUK)
PicasaPy/OptionsTabEmail.qml	Mail program:	mero-vakfolt	A mi magyarunk betűre egyezik a hivatalossal („Levelezőprogram:”).	options/labelgroup38.title	
PicasaPy/OptionsTabEmail.qml	Multiple photo size	mero-vakfolt	A mi magyarunk a hivatalossal egyezik, csak a záró kettőspont hiányzik („Több kép mérete:”).	options/labelgroup43.title	
PicasaPy/OptionsTabEmail.qml	Send embedded pictures and captions (Outlook only)	elteres	Ugyanaz a jelölőnégyzet (Beállítások ▸ E-mail). Hivatalos: „Szövegközi fotók és képfeliratok küldése (csak Outlookban)” → nálunk: „Beágyazott képek és képfeliratok küldése (csak Outlook)”.	options/UseHTMLMailer.title	Send inline photos and captions (Outlook only) (enUK)
PicasaPy/OptionsTabEmail.qml	Send movies as:	elteres	Ugyanaz a csoportcímke (Beállítások ▸ E-mail). Hivatalos: „Mozgófilmek küldése másként:” → nálunk: „Filmek küldése mint:”.	options/labelgroup53.title	Send videos as: (enUK)
PicasaPy/OptionsTabEmail.qml	Single picture size:	mero-vakfolt	A mi magyarunk betűre egyezik a hivatalossal („Egyedülálló képek mérete:”).	options/labelgroup48.title	
PicasaPy/OptionsTabEmail.qml	Use my Google Account	mero-vakfolt	A mi magyarunk betűre egyezik a hivatalossal („A Google Fiók használata”).	options/radio42.title	
PicasaPy/OptionsTabEmail.qml	Use this computer's default email program	mero-vakfolt	A mi magyarunk betűre egyezik a hivatalossal.	options/defaultmail.title	
PicasaPy/OptionsTabFileTypes.qml	In addition to JPEG, also show these file types:	elteres	Ugyanaz a bevezető címke (Beállítások ▸ Fájltípusok). Hivatalos: „Megjelenítés: JPEG-fájlok és” → nálunk: „A JPEG mellett a következő fájltípusok megjelenítése:”.	options/label61.title	Display JPEG files and: (enUK)
PicasaPy/OptionsTabFileTypes.qml	RAW	elteres	Ugyanaz a jelölőnégyzet (Beállítások ▸ Fájltípusok). Hivatalos: „RAW formátumok” → nálunk: „RAW”.	options/SupportRAW.title	
PicasaPy/OptionsTabFileTypes.qml	Supported Formats	mero-vakfolt	A mi magyarunk betűre egyezik a hivatalossal („Támogatott formátumok”).	options/link75.title	
PicasaPy/OptionsTabGeneral.qml	Automatic updates:	mero-vakfolt	A magyar szövegünk betűre egyezik az options/labelgroup20.title hivatalos magyarjával.	options/labelgroup20.title	
PicasaPy/OptionsTabGeneral.qml	Browse...	mero-vakfolt	A magyar szövegünk egyezik az options/importdest.title hivatalos magyarjával (csak …/... különbség).	options/importdest.title	
PicasaPy/OptionsTabGeneral.qml	Clear Cache...	segedszoveg	Az eredeti disposepreviews egy jelölőnégyzet; a kód kommentje szerint ez a gomb annak „megfelelője”, de más vezérlő, más szöveggel.		
PicasaPy/OptionsTabGeneral.qml	Delete from disk without confirmation	mero-vakfolt	A magyar szövegünk betűre egyezik az options/DoNotConfirmDeleteFromDisk.title hivatalos magyarjával.	options/DoNotConfirmDeleteFromDisk.title	
PicasaPy/OptionsTabGeneral.qml	Detect duplicates on import	elteres	SZÁNDÉKOS: a kód kommentje: „a fen teljes szövegkiírása nincs a lapon — a feliratot ezért NEM írjuk át egyetlen idézet alapján”; a hivatalos magyar azóta megvan. Hivatalos magyar: „Másodpéldányok észlelése az importálás során” — nálunk: „Duplikátumok észlelése importáláskor”.	options/autoexclude.title	
PicasaPy/OptionsTabGeneral.qml	Empty	segedszoveg	A fenti saját megerősítő kérdés Igen gombjának felirata.		
PicasaPy/OptionsTabGeneral.qml	Empty the thumbnail cache? The thumbnails are 	segedszoveg	Saját megerősítő kérdés a gyorsítótár-ürítés gombjához; nincs megfelelője a forrásokban.		
PicasaPy/OptionsTabGeneral.qml	English	elteres	A nyelvlistán az eredeti saját nyelvű neveket mutat („English (US)”, „English (UK)”, magyar fordítás nélkül); nálunk „Angol”. Hivatalos magyar: „English (US)” — nálunk: „Angol”.	Lang::enUS	English (US)
PicasaPy/OptionsTabGeneral.qml	Files:	mero-vakfolt	A magyar szövegünk betűre egyezik az options/labelgroup10.title hivatalos magyarjával.	options/labelgroup10.title	
PicasaPy/OptionsTabGeneral.qml	Help improve PicasaPy:	elteres	Ugyanaz a csoportcímke; angol hivatalos szöveg nincs. Hivatalos magyar: „Részvétel a Picasa fejlesztésében:” — nálunk: „Segítsen jobbá tenni a PicasaPy-t:”.	options/labelgroup16.title	
PicasaPy/OptionsTabGeneral.qml	Import destination folder:	elteres	Ugyanaz a csoportcímke; angol hivatalos szöveg nincs. Hivatalos magyar: „Importált képek mentési helye:” — nálunk: „Importálás célmappája:”.	options/labelgroup34.title	
PicasaPy/OptionsTabGeneral.qml	Keep	segedszoveg	A fenti saját megerősítő kérdés Nem gombjának felirata.		
PicasaPy/OptionsTabGeneral.qml	Language:	mero-vakfolt	A magyar szövegünk betűre egyezik az options/labelgroup25.title hivatalos magyarjával.	options/labelgroup25.title	
PicasaPy/OptionsTabGeneral.qml	Never check for updates	elteres	Ugyanaz a frissítési tétel; angol hivatalos szöveg nincs. Hivatalos magyar: „Ne keressen frissítést” — nálunk: „Soha ne keressen frissítést”.	options/item24.title	
PicasaPy/OptionsTabGeneral.qml	Prompt before downloading updates	elteres	Ugyanaz a frissítési tétel; angol hivatalos szöveg nincs. Hivatalos magyar: „Mindig tegyen fel kérdést a frissítések letöltése előtt” — nálunk: „Kérdezzen a frissítések letöltése előtt”.	options/item23.title	
PicasaPy/OptionsTabGeneral.qml	Remove from album without confirmation	mero-vakfolt	A magyar szövegünk betűre egyezik az options/DoNotConfirmRemoveFromAlbum.title hivatalos magyarjával.	options/DoNotConfirmRemoveFromAlbum.title	
PicasaPy/OptionsTabGeneral.qml	Send anonymous usage statistics	elteres	Ugyanaz a jelölőnégyzet; angol hivatalos szöveg nincs. Hivatalos magyar: „Névtelen használati statisztikák küldése a Google részére” — nálunk: „Névtelen használati statisztika küldése”.	options/usagestats.title	
PicasaPy/OptionsTabGeneral.qml	Show tooltips	mero-vakfolt	A magyar szövegünk betűre egyezik az options/ShowTooltips.title egyik hivatalos magyar változatával.	options/ShowTooltips.title	
PicasaPy/OptionsTabGeneral.qml	Single click to exit the editing view	elteres	Ugyanaz a jelölőnégyzet; angol hivatalos szöveg nincs. Hivatalos magyar: „Szerkesztési nézetből való kilépés egy kattintással” — nálunk: „Kilépés a szerkesztőnézetből egy kattintással”.	options/SingleClickExit.title	
PicasaPy/OptionsTabGeneral.qml	Update automatically	mero-vakfolt	A magyar szövegünk betűre egyezik az options/item22.title hivatalos magyarjával.	options/item22.title	
PicasaPy/OptionsTabGeneral.qml	Use special effects	mero-vakfolt	A magyar szövegünk betűre egyezik az options/UITransitions.title hivatalos magyarjával.	options/UITransitions.title	
PicasaPy/OptionsTabGeneral.qml	User interface:	elteres	Ugyanaz a csoportcímke; angol hivatalos szöveg nincs. Hivatalos magyar: „Kezelőfelület:” — nálunk: „Felhasználói felület:”.	options/labelgroup4.title	
PicasaPy/OptionsTabNameTags.qml	Clustering threshold:	elteres	Ugyanaz a csúszka-címke; angol hivatalos szöveg nincs. Hivatalos magyar: „Csoportküszöb:” — nálunk: „Csoportosítási küszöb:”.	options/labelgroup181.title	
PicasaPy/OptionsTabNameTags.qml	Enable face detection	elteres	Ugyanaz a jelölőnégyzet; angol hivatalos szöveg nincs. Hivatalos magyar: „Arcfelismerés bekapcsolása” — nálunk: „Arcfelismerés engedélyezése”.	options/enablefacedetection.title	
PicasaPy/OptionsTabNameTags.qml	Enable suggestions:	mero-vakfolt	A magyar szövegünk betűre egyezik az options/enablefacesuggestions.title hivatalos magyarjával.	options/enablefacesuggestions.title	
PicasaPy/OptionsTabNameTags.qml	Store name tags in the file	elteres	Ugyanaz a jelölőnégyzet; angol hivatalos szöveg nincs. Hivatalos magyar: „Névcímkék tárolása a fotón” — nálunk: „Névcímkék tárolása a fájlban”.	options/persistfacetofile.title	
PicasaPy/OptionsTabNameTags.qml	Suggestion threshold:	mero-vakfolt	A magyar szövegünk betűre egyezik az options/labelgroup176.title hivatalos magyarjával.	options/labelgroup176.title	
PicasaPy/OptionsTabNameTags.qml	Upload contact thumbnails to Google Contacts	elteres	Ugyanaz a jelölőnégyzet; angol hivatalos szöveg nincs. Hivatalos magyar: „Az Emberek album indexképeinek feltöltése a Google Címtárba” — nálunk: „Névjegy-bélyegképek feltöltése a Google Címtárba”.	options/uploadcontactphotos.title	
PicasaPy/OptionsTabNetwork.qml	Automatically detect network settings	mero-vakfolt	A magyar szövegünk betűre egyezik az options/autoproxy.title hivatalos magyarjával.	options/autoproxy.title	
PicasaPy/OptionsTabNetwork.qml	Browse...	segedszoveg	'Tallozas...' gomb a napofajl kivalasztasahoz - az eredetiben (ha volt) natív OS fajlvalaszto dialogus gombja lett volna, nem Picasa-authoralt sztring, ezert nincs a korpuszban - ugyanaz az indoklas, mint a tobbi 'Browse...' elofordulasnal a projektben.		
PicasaPy/OptionsTabNetwork.qml	Detailed log information	elteres	Ugyanaz a naplózási szint-tétel; angol hivatalos szöveg nincs. Hivatalos magyar: „Részletes naplóadatok” — nálunk: „Részletes naplóinformáció”.	options/item140.title	
PicasaPy/OptionsTabNetwork.qml	Disable logging	elteres	Ugyanaz a naplózási szint-tétel; angol hivatalos szöveg nincs. Hivatalos magyar: „Naplózás letiltása” — nálunk: „Naplózás kikapcsolása”.	options/item137.title	
PicasaPy/OptionsTabNetwork.qml	Log all network information	elteres	Ugyanaz a naplózási szint-tétel; angol hivatalos szöveg nincs. Hivatalos magyar: „Az összes hálózati információ naplózása” — nálunk: „Minden hálózati információ naplózása”.	options/item141.title	
PicasaPy/OptionsTabNetwork.qml	Log errors only	mero-vakfolt	A magyar szövegünk betűre egyezik az options/item138.title hivatalos magyarjával.	options/item138.title	
PicasaPy/OptionsTabNetwork.qml	Log file:	elteres	A Hálózat fül naplófájl-mezőjének címkéje; angol hivatalos szöveg nincs. Hivatalos magyar: „Napló:” — nálunk: „Naplófájl:”.	options/labelgroup142.title	
PicasaPy/OptionsTabNetwork.qml	Minimal log information	elteres	Ugyanaz a naplózási szint-tétel; angol hivatalos szöveg nincs. Hivatalos magyar: „Minimális mennyiségű naplóadat” — nálunk: „Minimális naplóinformáció”.	options/item139.title	
PicasaPy/OptionsTabNetwork.qml	Network logging level:	elteres	Az options.fen Hálózat fülének ugyanazon címkéje; angol hivatalos szöveg nincs. Hivatalos magyar: „Hálózati események naplózási szintje:” — nálunk: „Hálózati naplózás szintje:”.	options/labelgroup135.title	
PicasaPy/OptionsTabNetwork.qml	Proxy password:	elteres	Az options.fen Hálózat fülének ugyanazon mezője (options/labelgroup132.title); angol hivatalos szöveg nincs. Hivatalos magyar: „Jelszó a proxyhoz:” — nálunk: „Proxy-jelszó:”.	options/labelgroup132.title	
PicasaPy/OptionsTabNetwork.qml	Proxy username (Windows only):	elteres	Az options.fen Hálózat fülének ugyanazon mezője (options/labelgroup130.title); angol hivatalos szöveg nincs. Hivatalos magyar: „Felhasználónév a proxyhoz:” — nálunk: „Proxy-felhasználónév (csak Windows):”.	options/labelgroup130.title	
PicasaPy/OptionsTabPrinting.qml	Available print sizes:	elteres	Ugyanaz a címke (Beállítások ▸ Nyomtatás). Hivatalos: „Rendelkezésre álló nyomtatási méretek:” → nálunk: „Választható nyomtatási méretek:”.	options/label107.title	Available print sizes: (enUK)
PicasaPy/OptionsTabPrinting.qml	General (Lanczos-3)	mero-vakfolt	A mi magyarunk betűre egyezik a hivatalossal („Általános (Lanczos-3)”).	options/radio126.title	
PicasaPy/OptionsTabPrinting.qml	Printer quality (Windows only):	elteres	Ugyanaz a csoportcímke (Beállítások ▸ Nyomtatás); nálunk „(csak Windows)” toldással, kódkomment nélkül. Hivatalos: „Nyomtató minősége:” → nálunk: „Nyomtatási minőség (csak Windows):”.	options/labelgroup120.title	Printer quality: (enUK)
PicasaPy/OptionsTabPrinting.qml	Resizing algorithm quality:	elteres	Ugyanaz a csoportcímke (Beállítások ▸ Nyomtatás). Hivatalos: „Nyomtatási mintavételezési minőség:” → nálunk: „Átméretező algoritmus minősége:”.	options/labelgroup124.title	Print resampler quality: (enUK)
PicasaPy/OptionsTabPrinting.qml	Use high resolution previews (slower)	elteres	Ugyanaz a jelölőnégyzet (Beállítások ▸ Nyomtatás). Hivatalos: „Magas minőségű előnézetek használata (lassabb)” → nálunk: „Nagy felbontású előnézetek használata (lassabb)”.	options/PrintProxyPreview.title	Use high quality previews (slower) (enUK)
PicasaPy/OptionsTabPrinting.qml	Very sharp (Lanczos-8)	elteres	Ugyanaz a rádiógomb (Beállítások ▸ Nyomtatás). Hivatalos: „Extra éles (Lanczos-8)” → nálunk: „Nagyon éles (Lanczos-8)”.	options/radio127.title	Extra sharp (Lanczos-8) (enUK)
PicasaPy/OptionsTabSlideshow.qml	Browse...	mero-vakfolt	A mi magyarunk a hivatalossal egyezik, csak …/... eltérés („Tallózás…”, Beállítások ▸ Diavetítés).	options/MP3SlideshowPath.title	
PicasaPy/OptionsTabSlideshow.qml	Loop slideshow	mero-vakfolt	A mi magyarunk betűre egyezik a hivatalossal („Diavetítés ismétlése”).	options/LoopSlideshow.title	
PicasaPy/OptionsTabSlideshow.qml	Play MP3 music during slideshow	elteres	Ugyanaz a jelölőnégyzet (Beállítások ▸ Diavetítés). Hivatalos: „Zenelejátszás a diavetítés alatt” → nálunk: „MP3-zene lejátszása a diavetítés alatt”.	options/PlayMP3Tracks.title	Play music tracks during slideshow (enUK)
PicasaPy/OptionsTabSlideshow.qml	Select a music folder:	elteres	Ugyanaz a címke (Beállítások ▸ Diavetítés). Hivatalos: „Zeneszámok mappájának kiválasztása:” → nálunk: „Válasszon zenemappát:”.	options/label104.title	Select a folder of music tracks: (enUK)
PicasaPy/OptionsTabWebAlbums.qml	Add a watermark to all photo uploads:	elteres	Ugyanaz a jelölőnégyzet (Beállítások ▸ Webalbumok). Hivatalos: „Vízjel hozzáadása az összes feltöltendő fotóhoz:” → nálunk: „Vízjel hozzáadása minden feltöltött fényképhez:”.	options/haswatermark.title	Add a watermark for all photo uploads: (enUK)
PicasaPy/OptionsTabWebAlbums.qml	Default upload size:	mero-vakfolt	A mi magyarunk betűre egyezik a hivatalossal („Alapértelmezett feltöltési méret:”).	options/labelgroup145.title	
PicasaPy/OptionsTabWebAlbums.qml	Don't confirm each sync (use previous settings)	elteres	Ugyanaz a jelölőnégyzet (Beállítások ▸ Webalbumok). Hivatalos: „Nem kérek megerősítő üzenetet minden szinkronizáláskor (a fenti beállításokat használom)” → nálunk: „Ne erősítse meg minden szinkronizálásnál (előző beállítások használata)”.	options/confirmsync::disable.title	Don't confirm every sync (use the above settings) (enUK)
PicasaPy/OptionsTabWebAlbums.qml	Keep original picture quality (uses more storage)	elteres	Ugyanaz a jelölőnégyzet (Beállítások ▸ Webalbumok). Hivatalos: „Az eredeti képminőség megőrzése (több tárterületet foglal)” → nálunk: „Eredeti képminőség megőrzése (több tárhelyet használ)”.	options/PWAUseHiQualityJPEG.title	Preserve original image quality (uses more storage) (enUK)
PicasaPy/OptionsTabWebAlbums.qml	Sync starred photos only	elteres	Ugyanaz a jelölőnégyzet (Beállítások ▸ Webalbumok). Hivatalos: „Csak a csillagozott fotók szinkronizálása” → nálunk: „Csak a csillagozott fényképek szinkronizálása”.	options/PWAStarred.title	Sync starred photos only (enUK)
PicasaPy/OptionsTabWebAlbums.qml	Upload name tags	elteres	Ugyanaz a beállítás (Beállítások ▸ Webalbumok), az eredetiben csoportcímke + jelölőnégyzet. Hivatalos: „Névcímkék:” + „Feltöltés a fotókkal” → nálunk: „Névcímkék feltöltése”.	options/enablefruploads.title	Name Tags: / Include with photo uploads (enUK)
PicasaPy/OptionsTabWebAlbums.qml	Upload previews first for large files	elteres	Ugyanaz a jelölőnégyzet (Beállítások ▸ Webalbumok). Hivatalos: „Nagyméretű fájlok szinkronizálásakor a program először az előnézeteket töltse fel” → nálunk: „Nagy fájloknál előbb az előnézetek feltöltése”.	options/PWAStriped.title	When syncing large files, upload previews first (enUK)
PicasaPy/PeoplePanel.qml	Named people who appear with the currently 	segedszoveg	Az Emberek panel dinamikus instrukcio-szovege (peoplepanel/instructions); ez az elem az eredetiben futasidoben toltodik ki, a statikus .tre kinyeres nem tartalmazza a tenyleges szoveget.		
PicasaPy/PeoplePanel.qml	No people have been found yet. As faces are 	segedszoveg	Ures allapot szoveg az Emberek panelen; nincs talalhato eredeti megfelelo.		
PicasaPy/PeoplePanel.qml	People who appear in the currently selected 	segedszoveg	Ugyanaz a dinamikus instrukcio-terulet, mas allapota; nincs talalhato statikus eredeti szoveg.		
PicasaPy/PerfMonitorPanel.qml	Performance monitor	sajat-funkcio	A Teljesítmény-monitor a docs/decisions/vedett-sajat-funkciok.md szerint saját funkció (#1364): fejlesztői eszköz, az eredeti Picasa 3.9 Súgó menüjében nincs ilyen menüpont vagy panel.		
PicasaPy/PerfMonitorPanel.qml	Save diagnostics...	sajat-funkcio	A Teljesítmény-monitor a docs/decisions/vedett-sajat-funkciok.md szerint saját funkció (#1364): fejlesztői eszköz, az eredeti Picasa 3.9 Súgó menüjében nincs ilyen menüpont vagy panel.		
PicasaPy/PhotoContextMenu.qml	Add to People Album	mero-vakfolt	A magyar szövegünk betűre egyezik a PplAlbumPhoto::ID_PEOPLEALBUMS hivatalos magyarjával (csak a & jel hiányzik); az angol eltér („Move to People Album”).	PplAlbumPhoto::ID_PEOPLEALBUMS	Move to People Album
PicasaPy/PhotoContextMenu.qml	Block Upload	mero-vakfolt	A magyar szövegünk betűre egyezik az AlbumPhoto::ID_SUPPRESS hivatalos magyarjával (csak a & jel hiányzik); az angol eltér („Block from Uploading”).	AlbumPhoto::ID_SUPPRESS	Block from Uploading
PicasaPy/PhotoContextMenu.qml	Ctrl+Delete	mero-vakfolt	A magyar szövegünk egyezik a ytMenu::CtrlPrefix + CMenuBar::Delete összefűzésével („Ctrl+Törlés”).	ytMenu::CtrlPrefix+CMenuBar::Delete	Ctrl+Delete
PicasaPy/PhotoContextMenu.qml	File on Disk	mero-vakfolt	A magyar szövegünk egyezik a CThumbUI::locateondiskmenu hivatalos magyarjával (a & jel és a Ctrl+Enter gyorsbillentyű-rész nélkül).	CThumbUI::locateondiskmenu	File on Disk
PicasaPy/PhotoContextMenu.qml	Locate Original on Disk	mero-vakfolt	A magyar szövegünk betűre egyezik a CThumbUI::locateorigondiskmenu_win hivatalos magyarjával (csak a & jel hiányzik); az angolban nálunk plusz „Locate” áll.	CThumbUI::locateorigondiskmenu_win	Original on Disk
PicasaPy/PhotoViewer.qml	Edit Faces	bizonytalan	Hiányzik a hivatalos forrás: arcszerkesztő kapcsoló buboréksúgójára nincs szöveg a korpuszban (editpanel/faces_button felirat nélkül).		
PicasaPy/PhotoViewer.qml	Edit the movie presentation	mero-vakfolt	A mi magyarunk betűre egyezik a hivatalossal (editpanel buboréksúgó); az eltérés csak az angolban van.	editpanel/editslideshow	Edit this Movie presentation
PicasaPy/PhotoViewer.qml	Redeye fixes cannot be recovered with redo.	elteres	Tördelés: a qsTr darab a teljes kérdés első mondata; az angol tartalmilag azonos, de a teljes magyar eltér. Hivatalos: „A vörösszemjavítások nem állíthatók helyre ismételt alkalmazással. Biztosan visszavonja a műveletet?” → nálunk: „A vörösszem-javítás az Újra paranccsal nem állítható vissza. Biztosan visszavonja?”.	IDS_CONFIRM_UNDO_REDEYE	Redeye fixes cannot be recovered with redo.\r\nAre you sure you want to undo?
PicasaPy/PhotoViewer.qml	Render the final collage from this draft	segedszoveg	Saját tooltip egy saját funkcióhoz (kollázs-piszkozat véglegesítése a nézőből); nincs megfelelője a forrásokban.		
PicasaPy/PhotoViewer.qml	Retouch fixes cannot be recovered with redo.	elteres	Tördelés: a qsTr darab a teljes kérdés első mondata; az angol tartalmilag azonos, de a teljes magyar eltér. Hivatalos: „A retusálási javítások nem állíthatók helyre ismételt alkalmazással. Biztosan visszavonja a műveletet?” → nálunk: „A retusálás az Újra paranccsal nem állítható vissza. Biztosan visszavonja?”.	IDS_CONFIRM_UNDO_RETOUCH	Retouch fixes cannot be recovered with redo.\r\nAre you sure you want to undo?
PicasaPy/PhotoViewer.qml	Show Faces	bizonytalan	Hiányzik a hivatalos forrás: a szerkesztőnézet arcgombja (editpanel/faces_button) létezik, de sem felirata, sem buboréksúgója nincs a korpuszban.		
PicasaPy/PhotoViewer.qml	Show only one picture	mero-vakfolt	A mi magyarunk betűre egyezik a hivatalossal (editpanel buboréksúgó); az eltérés csak az angolban van.	editpanel/only_1up_toggle	View only one image
PicasaPy/PhotoViewer.qml	Show the same picture twice	mero-vakfolt	A mi magyarunk betűre egyezik a hivatalossal (editpanel buboréksúgó); az eltérés csak az angolban van.	editpanel/aa_2up_toggle	View the same image twice
PicasaPy/PhotoViewer.qml	Show two different pictures	mero-vakfolt	A mi magyarunk betűre egyezik a hivatalossal (editpanel buboréksúgó); az eltérés csak az angolban van.	editpanel/ab_2up_toggle	View two different images
PicasaPy/PhotoViewer.qml	Start slideshow	segedszoveg	A kód-komment kifejezetten kimondja (#1857): ehhez a négy gombhoz 'NINCS kimért eredeti felirat — a szöveg SAJÁT... Ez tudatos eltérés.'		
PicasaPy/PhotoViewer.qml	Switch focus between the pictures	mero-vakfolt	A mi magyarunk betűre egyezik a hivatalossal (editpanel buboréksúgó); az eltérés csak az angolban van.	editpanel/swap_2up_focus	Switch which image has focus
PicasaPy/PhotoViewer.qml	The caption will replace the text you have 	segedszoveg	Más helyzethez tartozik, mint az IDS_REPLACE_CAPTION ('Are you sure you want to replace the existing caption with the contents of the clipboard?') — az a VÁGÓLAPRÓL beillesztésről szól, a mi szövegünk viszont a képfelirat MÁSOLÁSA a szövegeszközbe (más funkció, más kiváltó ok), csak a záró '(This operation is not undoable)' tagmondat egyezik.		
PicasaPy/PhotoViewer.qml	Video playback requires the Qt Multimedia module.	segedszoveg	A Qt Multimedia modul hiányára figyelmeztető szöveg; ez a helyzet az eredetiben nem állhat elő (natív Windows videólejátszó-keretet használt).		
PicasaPy/PicasaDataImportDialog.qml	Copying names, keywords and places from Picasa...	sajat-funkcio	"A docs/decisions/vedett-sajat-funkciok.md kifejezetten felsorolja: ""PicasaDataImportDialog.qml (#3132) — a régi Picasa adatbázisának átvétele... Az eredetinek ilyen parancsa nincs és nem is lehet — ő MAGA a db3 gazdája."""		
PicasaPy/PicasaDataImportDialog.qml	Import from Picasa	sajat-funkcio	"A docs/decisions/vedett-sajat-funkciok.md kifejezetten felsorolja: ""PicasaDataImportDialog.qml (#3132) — a régi Picasa adatbázisának átvétele... Az eredetinek ilyen parancsa nincs és nem is lehet — ő MAGA a db3 gazdája."""		
PicasaPy/PicasaDataImportDialog.qml	No Picasa data found on this computer.	sajat-funkcio	"A docs/decisions/vedett-sajat-funkciok.md kifejezetten felsorolja: ""PicasaDataImportDialog.qml (#3132) — a régi Picasa adatbázisának átvétele... Az eredetinek ilyen parancsa nincs és nem is lehet — ő MAGA a db3 gazdája."""		
PicasaPy/PicasaImportDialog.qml	Adopt	sajat-funkcio	A 'korabbi Picasa-telepites atvetele' (#146) sajat funkcio resze - elfogado gomb.		
PicasaPy/PicasaImportDialog.qml	Browse manually...	sajat-funkcio	A 'korabbi Picasa-telepites atvetele' (#146) sajat funkcio resze - kezi tallozas gomb.		
PicasaPy/PicasaImportDialog.qml	Import from Picasa	sajat-funkcio	A 'korabbi Picasa-telepites atvetele' (#146) sajat funkcio: csak egy Picasa-utodapp szamara ertelmes muvelet (a korabbi sajat telepites felderitese), az eredeti Picasaban ilyen forgatokonyv nem letezik. A dialogus cime esetlegesen egybeesik az eMenuFile::ID_GETMYSTUFF ('Import from Picasa Web Albums...') szoveggel, de az teljesen mas funkciohoz (webalbum-import) tartozik - nem bizonyithato eltérés, mas szerepu par.		
PicasaPy/PicasaImportDialog.qml	Looking for a previous Picasa installation…	sajat-funkcio	A 'korabbi Picasa-telepites atvetele' (#146) sajat funkcio resze - felderites folyamatban szoveg.		
PicasaPy/PicasaImportDialog.qml	Not now	sajat-funkcio	A 'korabbi Picasa-telepites atvetele' (#146) sajat funkcio resze - elutasito gomb.		
PicasaPy/PicasaImportDialog.qml	We couldn't find a previous Picasa installation 	sajat-funkcio	A 'korabbi Picasa-telepites atvetele' (#146) sajat funkcio resze - sikertelen felderites szovege.		
PicasaPy/PicasaImportDialog.qml	We found your previous Picasa installation. It 	sajat-funkcio	A 'korabbi Picasa-telepites atvetele' (#146) sajat funkcio resze - sikeres felderites szovege.		
PicasaPy/PicasaMenuBar.qml	About PicasaPy	elteres	SZÁNDÉKOS: a program neve PicasaPy, ezért „A PicasaPy névjegye” — a hivatalos szerkezet („A Picasa névjegye”) szerint, csak a terméknév más. Ugyanaz a Súgó-menütétel; a különbség csak a terméknév (kódkomment nem mondja ki szándékként). Hivatalos: „A Picasa &névjegye” → nálunk: „A PicasaPy névjegye”.	eMenuHelp::ID_HELP_ABOUT	&About Picasa
PicasaPy/PicasaMenuBar.qml	Compact Database...	segedszoveg	Az adatbázis-tömörítés funkció megvan (compacting.fen), de menüparancs nincs: a kimért Kísérleti almenü kilenc tétele közt nem szerepel.		
PicasaPy/PicasaMenuBar.qml	Dark Theme	sajat-funkcio	"A docs/decisions/vedett-sajat-funkciok.md kifejezetten felsorolja a Sötét témát (Theme.qml, #28/#1364): ""Az eredeti Picasa 3.9-nek egyetlen, világos megjelenése van."" Ez a menütétel indítja a sötét témát."		
PicasaPy/PicasaMenuBar.qml	English	segedszoveg	A nyelvválasztás funkció megvan, de az eredetiben a Beállítások legördülőjében, nem menüben — ez a menütétel nincs meg.		
PicasaPy/PicasaMenuBar.qml	Find Faces...	segedszoveg	Az arckeresés funkció megvan, de menüparancs nincs: a kódkomment szerint a „Find Faces” felirat a teljes szövegtárban nem szerepel, az Eszközök menü kimért szerkezetében nincs ilyen tétel (a „Scanning for faces...” állapotüzenet más helyzet).		
PicasaPy/PicasaMenuBar.qml	Import from Picasa...	sajat-funkcio	Ez a menütétel nyitja meg a PicasaDataImportDialog.qml-t, amit a docs/decisions/vedett-sajat-funkciok.md kifejezetten véd (#3132) — az eredetinek nincs és nem is lehet ilyen parancsa, hiszen ő maga a régi adatbázis gazdája.		
PicasaPy/PicasaMenuBar.qml	Language	segedszoveg	A nyelvválasztás funkció megvan, de az eredetiben a Beállítások párbeszéd „Nyelv:” mezőjében, nem menüben — a menütétel helyzete nincs meg.		
PicasaPy/PicasaMenuBar.qml	Manage Duplicates...	sajat-funkcio	"A docs/decisions/vedett-sajat-funkciok.md kifejezetten felsorolja: ""PicasaMenuBar.qml (#287) — a Duplikátum-kereső párbeszéd az Eszközök menüben... önálló kereső-párbeszéd nincs. A miénk tudatos hozzáadás."" (Az eredetiben helyette az eMenuTools::ID_DUPES ""Show Duplicate Files"" és az importáláskori/keresősávos mechanizmus él.)"		
PicasaPy/PicasaMenuBar.qml	New Movie...	segedszoveg	"A Létrehozás ▸ Mozgófilm ALMENÜ egyetlen tétele. A fájl megjegyzése szerint (#324 audit) az eredetiben ez almenü volt TÖBB tétellel (pl. eMenuCreateMovie::ID_FACES ""From Faces in Selection..."", ID_FACESRANDOM ""From People Albums...""), nálunk csak az egyetlen működő filmkészítés maradt az almenü tartalmaként — ez az összevont, saját felirat, a konkrét eredeti tételek egyikével sem azonos."		
PicasaPy/PicasaMenuBar.qml	Online Information	mero-vakfolt	A mi magyarunk betűre egyezik a hivatalossal („&Online információ”, csak a gyorsbillentyű-jel hiányzik); az angol eltérés a magyar felületen nem látszik.	eMenuHelp::ID_HELP_PICASA_README	Online &ReadMe
PicasaPy/PicasaMenuBar.qml	Performance Monitor	sajat-funkcio	"A docs/decisions/vedett-sajat-funkciok.md kifejezetten felsorolja: ""PicasaMenuBar.qml (#1364) — a Teljesítmény-monitor a Súgó menüben: fejlesztői eszköz, az eredetiben nincs ilyen menüpont."""		
PicasaPy/PicasaMenuBar.qml	Product Release Notes	mero-vakfolt	A mi magyarunk betűre egyezik a hivatalossal („&Termékkiadási tájékoztató”, csak a gyorsbillentyű-jel hiányzik).	eMenuHelp::ID_HELP_RELEASENOTES	Release &Notes
PicasaPy/PicasaMenuBar.qml	Recent &changes	sajat-funkcio	"A docs/decisions/vedett-sajat-funkciok.md kifejezetten felsorolja: ""PicasaMenuBar.qml (#1595) — a Mappa ▸ Rendezés ▸ »Legutóbbi változtatások« tétel... nincs benne »legutóbbi változtatások«... Nálunk viszont működő, hasznos rendezés."""		
PicasaPy/PicasaMenuBar.qml	Send Log...	sajat-funkcio	"A ""Napló elküldése..."" menütétel a tesztüzem (Test Mode, #1701/#1654/#2553) saját eszközének a része — ugyanaz a saját funkció, mint a #142-es sor."		
PicasaPy/PicasaMenuBar.qml	Show	mero-vakfolt	A mért Mappa menü 3. csoportja „Elrejtés · Megjelenítés” (docs/specs/picasa-menusor-csoportok.md); a mi magyarunk („Megjelenítés”) ezzel betűre egyezik.		
PicasaPy/PicasaMenuBar.qml	TEST MODE — logging startup	sajat-funkcio	"A tesztüzem (Test Mode) állapotjelzője a menüsorban. A fájl `#1701` megjegyzése kifejezetten kimondja: ""a tesztüzem a PicasaPy saját eszköze — az eredeti Picasában nincs megfelelője""."		
PicasaPy/PicasaMenuBar.qml	Test Mode (logs the next startup)	sajat-funkcio	"A fájl saját megjegyzése (`sajat: true`, #1701) kifejezetten kimondja: ""a tesztüzem a PicasaPy saját eszköze — az eredeti Picasában nincs megfelelője."""		
PicasaPy/PicasaMenuBar.qml	Undo Batch Edit	segedszoveg	A funkció megvan, de a menütétel nem: a kódkomment szerint TUDATOS TÖBBLET — az eredeti Szerkesztés menüjében nincs visszavonás.		
PicasaPy/PicasaMenuBar.qml	Undo Paste All Effects	segedszoveg	A funkció megvan, de a menütétel nem: a kódkomment szerint TUDATOS TÖBBLET — az eredeti Szerkesztés menüjének 11 mért kulcsa közt nincs visszavonás.		
PicasaPy/PicasaMenuItem.qml	This is a PicasaPy addition — the original Picasa did not have it.	segedszoveg	"Ez maga a generikus ""ez PicasaPy-többlet"" jelölő-tooltip szövege, amit a `sajat: true` jelölésű menütételek (pl. Sötét téma, Teljesítmény-monitor) kapnak — definíció szerint saját, magyarázó/hozzáférhetőségi szöveg, nem egy konkrét funkcióhoz kötött felirat."		
PicasaPy/PicasaNotifier.qml	Copy saved	segedszoveg	Sikeres masolat-mentes ertesites; nincs talalhato eredeti megfelelo (a Save a Copy funkcio eredeti, de a sikeruzenet szovege nem talalhato).		
PicasaPy/PicasaNotifier.qml	The collage is ready (click here)	mero-vakfolt	A mi magyarunk betűre egyezik a hivatalossal („A kollázs kész (kattintson ide)”).	collage::done	Collage Finished! (click to view)
PicasaPy/PicasaScrollBar.qml	Next album	segedszoveg	"Az album-navigáció ""következő"" nyílgombjának felirata; ugyanaz az indoklás, mint az előzőnél."		
PicasaPy/PicasaScrollBar.qml	Previous album	segedszoveg	"Az album-navigáció ""előző"" nyílgombjának felirata; feltehetően ikon-gomb hozzáférhetőségi neve, nincs hozzá talált hivatalos szöveges forrás."		
PicasaPy/PlacesPanel.qml	Right-click the map to place the selected pictures.	segedszoveg	Saját súgószöveg a térképre kattintás módjáról; a geopanel/geo_info elem (ui-leltar.csv) üres felirat-mezővel szerepel, tehát az eredeti nem ír ki ide szöveget.		
PicasaPy/PlacesPanel.qml	The map component (QtLocation) is not available. Geotags can still be edited.	segedszoveg	A QtLocation térkép-modul hiányára figyelmeztető saját szöveg; ez a helyzet az eredetiben nem állhat elő.		
PicasaPy/PrintDialog.qml	(not selected)	segedszoveg	Nincs kivalasztott celfajl allapotjelzo; nincs talalhato eredeti megfelelo.		
PicasaPy/PrintDialog.qml	Browse...	segedszoveg	'Tallozas...' gomb - natív OS fajlvalaszto, nincs Picasa-authoralt sztring rea, ugyanaz az indoklas mint a tobbi Browse... elofordulasnal.		
PicasaPy/PrintDialog.qml	Choose the target file.	segedszoveg	Celfajl-valaszto dialogus utasitasa (PDF-be nyomtatasnal); nincs talalhato eredeti megfelelo - az eredetiben ezt a natív OS nyomtato-dialogus adta.		
PicasaPy/PrintDialog.qml	Columns:	segedszoveg	Oszlopszam mezo felirata; nincs talalhato eredeti megfelelo.		
PicasaPy/PrintDialog.qml	Copies of each picture:	segedszoveg	Peldanyszam mezo felirata; nincs talalhato eredeti megfelelo.		
PicasaPy/PrintDialog.qml	Fill the page (crop)	segedszoveg	Oldalhoz igazitas opcioja (kivagas); nincs talalhato eredeti megfelelo.		
PicasaPy/PrintDialog.qml	Fit to page:	segedszoveg	Oldalhoz igazitas mezo felirata; nincs talalhato eredeti megfelelo.		
PicasaPy/PrintDialog.qml	Layout:	segedszoveg	Elrendezes-valaszto mezo felirata; nincs talalhato eredeti megfelelo (natív nyomtato-dialogus tartalma volt eredetileg).		
PicasaPy/PrintDialog.qml	No pictures to print.	segedszoveg	Ures kijeloles hibauzenete nyomtataskor; nincs talalhato eredeti megfelelo.		
PicasaPy/PrintDialog.qml	One picture per page	segedszoveg	Elrendezes-opcio felirata; nincs talalhato eredeti megfelelo.		
PicasaPy/PrintDialog.qml	PDF documents (*.pdf)	segedszoveg	Fajltipus-szuro a PDF mentes dialogusban; nincs talalhato eredeti megfelelo (natív fajl-dialogus szurője lett volna eredetileg).		
PicasaPy/PrintDialog.qml	Please review before printing.	elteres	Ugyanaz a nyomtatás előtti figyelmeztetés; az angol mondat azonos, de a magyar eltér, és nálunk a darabszám megelőzi a felszólítást. Hivatalos magyar: „Nézze át nyomtatás előtt.\n%1$d kis %2$s van.” — nálunk: „Nyomtatás előtt ellenőrizze őket.”.	ThumbUIPrint::ReviewPrompt	Please review before printing.\n%1$d small %2$s found.
PicasaPy/PrintDialog.qml	Print size:	segedszoveg	Nyomtatasi meret mezo felirata; nincs talalhato eredeti megfelelo.		
PicasaPy/PrintDialog.qml	Print to a PDF file...	segedszoveg	PDF-be nyomtatas gomb felirata; nincs talalhato eredeti megfelelo.		
PicasaPy/PrintDialog.qml	Printing is unavailable: the Qt print support 	segedszoveg	Sajat hibauzenet: a Qt nyomtatas-tamogatas hianya; ez technikai/platform-fuggo helyzet, ami az eredetiben (natív Windows nyomtatas) nem all elo.		
PicasaPy/PrintDialog.qml	Whole picture	segedszoveg	Oldalhoz igazitas opcioja; nincs talalhato eredeti megfelelo.		
PicasaPy/PropertiesPanel.qml	Select a picture to see its properties.	segedszoveg	Üres-állapot súgószöveg, ha nincs kiválasztott kép; az eredetiben ez egy állandó fejlécű oldalpanel (rightdrawerpanel, 'Metaadatok' címmel), üres-állapot szövegre nincs bizonyíték.		
PicasaPy/PublishPanel.qml	CD Name	mero-vakfolt	Az angol és a magyar is betűre egyezik a publish/label_cdname hivatalos szövegével.	publish/label_cdname	CD Name
PicasaPy/PublishPanel.qml	Erase Media	mero-vakfolt	Az angol és a magyar is betűre egyezik a publish/label_optionbox2 hivatalos szövegével.	publish/label_optionbox2	Erase Media
PicasaPy/PublishPanel.qml	Include Picasa	mero-vakfolt	Az angol és a magyar is betűre egyezik a publish/label_optionbox3 hivatalos szövegével.	publish/label_optionbox3	Include Picasa
PicasaPy/PublishPanel.qml	Limit 16 Characters	mero-vakfolt	Az angol és a magyar is betűre egyezik a publish/namelimitext hivatalos szövegével.	publish/namelimitext	Limit 16 Characters
PicasaPy/PublishPanel.qml	Name the Gift CD	mero-vakfolt	Az angol és a magyar is betűre egyezik a publish/cdnametext hivatalos szövegével.	publish/cdnametext	Name the Gift CD
PicasaPy/PublishPanel.qml	Photo Size	mero-vakfolt	Az angol és a magyar is betűre egyezik a publish/picsizetext hivatalos szövegével.	publish/picsizetext	Photo Size
PicasaPy/PublishPanel.qml	Selection and Settings	mero-vakfolt	Az angol és a magyar is betűre egyezik a publish/selectiontext hivatalos szövegével.	publish/selectiontext	Selection and Settings
PicasaPy/PublishPanel.qml	Sync:	mero-vakfolt	Az angol és a magyar is betűre egyezik a publish/uploadsync3 hivatalos szövegével.	publish/uploadsync3	Sync:
PicasaPy/PublishPanel.qml	Visibility:	mero-vakfolt	Az angol és a magyar is betűre egyezik a publish/uploadaccess3 hivatalos szövegével.	publish/uploadaccess3	Visibility:
PicasaPy/QuickTagsConfigDialog.qml	Edit the 10 quick tag buttons shown at the bottom of the 	elteres	Ugyanaz a Gyorscímkék-útmutató, nálunk egy rövid mondatra összevonva. Hivatalos magyar: „A Gyorscímkék funkció segítségével egyetlen kattintással alkalmazhat címkéket. Alább írja be azokat a címkéket, amelyekhez egy kattintással hozzá szeretne férni. Alapértelmezés szerint a felső két gyorscímke a legutóbb alkalmazott címkéket követi. A felső két címke kézi beállításához törölje a jelet a jelölőnégyzetből.” — nálunk: „A Címkék panel alján megjelenő 10 gyorscímke-gomb szerkesztése.”.	quicktagconfig/instructions	You can use Quick Tags to apply a tag with a single click.  Type in tags below that you want to have one-click access to.  By default, the top two Quick Tags are used to track recently applied tags.  Uncheck the checkbox below to manually set the top two tags.
PicasaPy/QuickTagsConfigDialog.qml	Fill the empty boxes above with frequently used tags	elteres	Ugyanaz a felirat, egy szó eltér. Hivatalos magyar: „A fenti üres mezők automatikus kitöltése gyakran használatos címkékkel” — nálunk: „A fenti üres mezők automatikus kitöltése gyakran használt címkékkel”.	quicktagconfig/autofill_label	Autofill empty boxes above with commonly used tags
PicasaPy/QuickTagsConfigDialog.qml	Reserve the top two buttons for recently used tags	mero-vakfolt	A magyar szövegünk betűre egyezik a quicktagconfig/recent_checkbox_label hivatalos magyarjával.	quicktagconfig/recent_checkbox_label	Reserve top two buttons for recently used tags
PicasaPy/RightDrawer.qml	Close side panel	mero-vakfolt	A mi magyarunk betűre egyezik a hivatalossal („Oldalpanel bezárása”).	rightdrawerpanel/close	Close this side panel
PicasaPy/RightDrawer.qml	Switch between the small and large side panel	mero-vakfolt	A mi magyarunk betűre egyezik a hivatalossal („Váltás a kis és a nagy oldalpanel közt”).	rightdrawerpanel/size_toggle	Switch between small/large side panel
PicasaPy/SaveDialogs.qml	A backup of these files will be made.	mero-vakfolt	A magyar szövegünk betűre egyezik a hivatalossal, csak a vezető sortörés hiányzik.	CThumbUI::FileSave::messagetagX	A backup of these files will be made.
PicasaPy/SaveDialogs.qml	A backup of this file will be made.	mero-vakfolt	A magyar szövegünk betűre egyezik a hivatalossal, csak a vezető sortörés hiányzik.	CThumbUI::FileSave::messagetag1	A backup of this file will be made.
PicasaPy/SaveDialogs.qml	File operation failed	segedszoveg	A saveResultDialog saját gyűjtő-címe hiba esetén; a konkrét mentési hibaüzenetek mind mért, hivatalos forrásúak (pl. filesaveerr2/3), de erre az összefoglaló CÍM-szövegre nincs találat — saját dialóguscím.		
PicasaPy/SaveDialogs.qml	JPEG Files (*.jpg)	mero-vakfolt	A szöveg azonos a hivatalos szűrőnévvel; a „(*.jpg)” a Qt fájlszűrő mintaszintaxisa.	CThumbUI::SaveAsFilterJPG	JPEG Files
PicasaPy/SaveDialogs.qml	Saving writes the picture without them, and the settings are lost. This cannot be undone.	segedszoveg	"Az ""eszközök, amiket PicasaPy még nem tud renderelni"" saját technikai korlátra figyelmeztető szöveg — ez a helyzet (részlegesen renderelhetetlen effektlánc) csak nálunk állhat elő, az eredetiben nem."		
PicasaPy/SaveDialogs.qml	This cannot be undone and all changes will be lost.	elteres	CSAK-FORDÍTÁS: az angol forrás tartalmilag azonos (csak tördelés/záró kérdés különbözik), de a magyar fordításunk eltér. Hivatalos magyar: „\n\nEz a művelet nem vonható vissza, és az összes módosítás elvész.” — nálunk: „Ez nem vonható vissza, és minden változtatás elvész.”.	CThumbUI::FileRevert::message2	This cannot be undone and all changes will be lost.
PicasaPy/SaveDialogs.qml	To undo the last save and keep edits click 'Undo Save'.	elteres	"CSAK-FORDÍTÁS: az angol forrás tartalmilag azonos (csak tördelés/záró kérdés különbözik), de a magyar fordításunk eltér. A gombnév is más. Hivatalos magyar: „\n\nAz utolsó mentés visszavonásához és a szerkesztések megtartásához kattintson a ""Mentés visszavonása"" gombra.” — nálunk: „Az utolsó mentés visszavonásához a szerkesztések megtartásával kattintson az „Utolsó mentés visszavonása” gombra.”."	CThumbUI::FileRevert::message1undo	To undo the last save and keep edits click 'Undo Save'.
PicasaPy/SaveDialogs.qml	WebP Files (*.webp)	mero-vakfolt	A szöveg azonos a hivatalos szűrőnévvel; a „(*.webp)” a Qt fájlszűrő mintaszintaxisa.	CThumbUI::SaveAsFilterWebP	WebP Files
PicasaPy/SlideshowView.qml	 s	elteres	Ugyanaz a megjelenítési idő-érték mértékegysége; az eredeti kiírja a szót (OneUpUI::Format „%1$d %2$s”). Hivatalos magyar: „másodperc” — nálunk: „ mp”.	OneUpUI::seconds	seconds
PicasaPy/SlideshowView.qml	Display Time	elteres	Az angol betűre azonos a diavetítés oneup/tpslabel feliratával, de a magyar eltér. Hivatalos magyar: „Megjelenítési idő” — nálunk: „Diaidő”.	oneup/tpslabel	Display Time
PicasaPy/SplashScreen.qml	Please note: PicasaPy is still a work in 	segedszoveg	Sajat, PicasaPy-specifikus figyelmeztetes ('meg fejlesztes alatt'); nincs es nem is lehet eredeti megfelelo.		
PicasaPy/TagContextMenu.qml	Find Items Tagged This Way	mero-vakfolt	A mi magyarunk betűre egyezik a hivatalossal („Az ilyen címkével ellátott elemek keresése”).	Tags::ID_FINDALLPICTURESWITHTHISTAG	Search for items with this tag
PicasaPy/TagContextMenu.qml	Remove Tag	mero-vakfolt	A mi magyarunk betűre egyezik a hivatalossal („A címke eltávolítása”).	Tags::ID_REMOVETHISTAG	Remove this tag
PicasaPy/TagsPanel.qml	Add a tag...	elteres	Ugyanaz a címkebeviteli mező (az eredetiben felette álló címke, nálunk helyőrző szöveg). Hivatalos: „Írjon be egy hozzáadandó címkét:” → nálunk: „Új címke...”.	tagpanel/add_tag_label	Type in a tag to add:
PicasaPy/TagsPanel.qml	Select pictures to tag them.	segedszoveg	Ures kijeloles utmutato szovege a Cimkek panelen; nincs talalhato eredeti megfelelo.		
PicasaPy/TesztuzemNaploDialog.qml	Save Log As...	sajat-funkcio	"A fájl fejléc-megjegyzése szerint (#1654/#2553) ez a tesztüzem (Test Mode, #1701 — a docs/decisions szerint is ""PicasaPy saját eszköze"") naplójának mentés-párbeszéde."		
PicasaPy/TesztuzemNaploDialog.qml	Text Files	sajat-funkcio	Ugyanannak a tesztüzem-naplónak a fájltípus-szűrője — a #142/#158-cal azonos saját funkció része.		
PicasaPy/TimelineView.qml	No pictures yet	segedszoveg	"A fájl saját megjegyzése szerint (""Picasa Timeline: nincs vetíthető korszak → informatív üres állapot"") a Timeline nézet maga eredeti, de ez a konkrét üres-állapot szöveg a mi saját visszajelzésünk arra a helyzetre, amikor nincs megjeleníthető korszak."		
PicasaPy/TrayBar.qml	Click here for more options	segedszoveg	Buboreksugo a 'tovabbi lehetosegek' gombhoz; nincs talalhato eredeti megfelelo.		
PicasaPy/TrayBar.qml	Order Prints (service discontinued)	elteres	SZÁNDÉKOS: a kódkomment szerint „kivezetett: a nyomat-rendelő szolgáltatás megszűnt”. A tálcagomb felirata eltér. Hivatalos: „Nyomatok rendelése” → nálunk: „Papírképek rendelése (a szolgáltatás megszűnt)”.	buttonlabel:{8E6A2DAF-0069-4df2-88D2-8B24BEEC9CA1}	Order Prints
PicasaPy/TrayBar.qml	Publish to Blogger (service discontinued)	elteres	SZÁNDÉKOS: a kódkomment szerint „kivezetett: a Blogger-integráció megszűnt”. Ez a tálca BlogThis! gombjának buboréksúgója (a menütétel eMenuCreate::ID_EXPORT_SENDTOBLOGGER: „Közzététel a Bloggeren...”). Hivatalos: „Fotókat tehet közzé a blogján a Blogger segítségével” → nálunk: „Közzététel a Bloggeren (a szolgáltatás megszűnt)”.	buttontooltip:{B9012CB2-DD50-49a5-B4CB-009344BBA285}	Post photos to your blog via Blogger
PicasaPy/TrayBar.qml	Select the items you want to add to the 	mero-vakfolt	"Tördelés: a qsTr darab egy összefűzött mondat eleje; a teljes mondat magyarja a hivatalossal egyezik, csak az idézőjel alakja más („Vissza” ↔ ""Vissza"")."	thumbui/single_action_message	"Select the items you want to add to the project clip tray, then click ""Back"" to return to the project (a mi angolunk; hivatalos angol nincs a korpuszban)"
PicasaPy/TrayBar.qml	This will clear your entire tray.	mero-vakfolt	Tördelés: a qsTr darab a teljes kérdés első mondata; a teljes mondat magyarja betűre egyezik a hivatalossal („Ezzel a művelettel a teljes tálcát kiüríti. Biztosan ezt szeretné tenni?”).	IDS_CLEARTRAY	This will clear your entire tray.  Are you sure you want to do this?
PicasaPy/TrayBar.qml	Waiting for the collage to be created…	mero-vakfolt	A mi magyarunk betűre egyezik a hivatalossal (csak …/... eltérés: „Várakozás a kollázs elkészítésére…”).	CThumbUI::CreateCollageWait	Waiting to Create a Collage...
PicasaPy/UnnamedFacesView.qml	Are you sure you want to move this person to the 	mero-vakfolt	A magyar szövegünk betűre egyezik a PeoplePanel::ConfirmRemoveMsg hivatalos magyarjával.	PeoplePanel::ConfirmRemoveMsg	Are you sure you want to move this person to the ignored people album?
PicasaPy/UnnamedFacesView.qml	Look for more suggestions	segedszoveg	'Tovabbi javaslatok keresese' gomb felirata; nincs talalhato eredeti megfelelo.		
PicasaPy/UnnamedFacesView.qml	Lowers the recognition threshold once, so more names are 	segedszoveg	Buboreksugo a felismeresi kuszob lazitasarol; nincs talalhato eredeti megfelelo.		
PicasaPy/UnnamedFacesView.qml	Move the selected people to the ignored 	elteres	A Mellőzés gomb buboréksúgója az eredetiben másról szól (arcok mellőzése, nem személyek áthelyezése albumba). Hivatalos magyar: „Az összes kijelölt arc mellőzése” — nálunk: „A kijelölt személyek áthelyezése a Mellőzött emberek albumba”.	unknownfaceheaderpanel/ignore	Ignore all of the selected faces
PicasaPy/UnnamedFacesView.qml	Stop ignoring	segedszoveg	'Mellozes visszavonasa' gomb felirata; nincs talalhato eredeti megfelelo.		
PicasaPy/VideoPlayerView.qml	Unable to play this video.	segedszoveg	Saját videólejátszási hibaüzenet; nincs megfelelője a forrásokban.		
PicasaPy/ViewerContextMenu.qml	Block Upload	mero-vakfolt	A magyar szövegünk betűre egyezik az AlbumPhoto::ID_SUPPRESS hivatalos magyarjával (csak a & gyorsbillentyű-jel hiányzik); az angol eltér („Block from Uploading”).	AlbumPhoto::ID_SUPPRESS	&Block from Uploading
PicasaPy/WebExportDialog.qml	(not selected)	segedszoveg	Nincs kivalasztott cel allapotjelzo; nincs talalhato eredeti megfelelo.		
PicasaPy/WebExportDialog.qml	Browse...	segedszoveg	'Tallozas...' gomb - natív OS fajlvalaszto, nincs Picasa-authoralt sztring rea.		
PicasaPy/WebExportDialog.qml	Choose target folder...	segedszoveg	Celmappa-valaszto dialogus utasitasa; nincs talalhato eredeti megfelelo.		
PicasaPy/WebExportDialog.qml	Page title:	segedszoveg	Weboldal-export beallitasainak mezofelirata (oldalcim); nincs talalhato eredeti megfelelo a korpuszban (a CWebExporter/WebExport csoport nem tartalmaz ilyen beallitas-feliratokat).		
PicasaPy/WebExportDialog.qml	PicasaPy is generating the web page.	segedszoveg	Allapotjelzo folyamatban levo exportnal; a CWebExporter csoport uzenetei masrol szolnak (masolas/hiba/torles), erre a konkret allapotra nincs talalhato eredeti megfelelo.		
PicasaPy/WebExportDialog.qml	Picture size:	segedszoveg	Kepmeret mezofelirata; nincs talalhato eredeti megfelelo.		
PicasaPy/WebExportDialog.qml	Save to:	segedszoveg	Mentesi cel mezofelirata; nincs talalhato eredeti megfelelo.		
PicasaPy/WebExportDialog.qml	Shadow pictures	segedszoveg	Arnyek-effekt opcio a kepekhez; nincs talalhato eredeti megfelelo.		
PicasaPy/WebExportDialog.qml	Shadow thumbnails	segedszoveg	Arnyek-effekt opcio belyegkepekhez; nincs talalhato eredeti megfelelo.		
PicasaPy/WebExportDialog.qml	Thumbnail size:	segedszoveg	Bélyegkep-meret mezofelirata; nincs talalhato eredeti megfelelo.		
StartupRelocateWindow.qml	Moving the database	segedszoveg	Az adatbázis áthelyezése az eredetiben is megvan (Eszközök ▸ Adatbázis helyének kiválasztása…), az induláskori folyamatjelző szövegének nincs eredeti párja.		
StartupRelocateWindow.qml	Photo index…	segedszoveg	Az adatbázis-áthelyezés (eredeti funkció) folyamatjelzőjének lépése; eredeti szövege nincs.		
StartupRelocateWindow.qml	PicasaPy is moving the database.	segedszoveg	Az adatbázis-áthelyezés (eredeti funkció) induláskori folyamatjelzője; eredeti szövege nincs.		
StartupRelocateWindow.qml	Thumbnail cache…	segedszoveg	Az adatbázis-áthelyezés (eredeti funkció) folyamatjelzőjének lépése; eredeti szövege nincs.		
